municipio,mun
Aguascalientes,aguascalientes
Asientos,asientos
Calvillo,calvillo
Cosio,cosio
El Llano,el llano
Jesus Maria,jesus maria
Pabellon de Arteaga,pabellon de arteaga
Rincon de Romos,rincon de romos
San Francisco de los Romo,san francisco de los romo
San Jose de Gracia,san jose de gracia
Tepezala,tepezala
Ensenada,ensenada
Mexicali,mexicali
Playas de Rosarito,playas de rosarito
Tecate,tecate
Tijuana,tijuana
Calakmul,calakmul
Calkini,calkini
Campeche,campeche
Candelaria,candelaria
Carmen,carmen
Champoton,champoton
Escarcega,escarcega
Hecelchakan,hecelchakan
Hopelchen,hopelchen
Palizada,palizada
Tenabo,tenabo
Acacoyagua,acacoyagua
Acala,acala
Acapetahua,acapetahua
Aldama,aldama
Altamirano,altamirano
Amatan,amatan
Amatenango de la Frontera,amatenango de la frontera
Amatenango del Valle,amatenango del valle
Angel Albino Corzo,angel albino corzo
Arriaga,arriaga
Bejucal de Ocampo,bejucal de ocampo
Bella Vista,bella vista
Benemerito de las Americas,benemerito de las americas
Berriozabal,berriozabal
Bochil,bochil
Cacahoatan,cacahoatan
Catazaja,catazaja
Chalchihuitan,chalchihuitan
Chamula,chamula
Chanal,chanal
Chapultenango,chapultenango
Chenalho,chenalho
Chiapa de Corzo,chiapa de corzo
Chiapilla,chiapilla
Chicoasen,chicoasen
Chicomuselo,chicomuselo
Chilon,chilon
Cintalapa,cintalapa
Coapilla,coapilla
Comitan de Dominguez,comitan de dominguez
Copainala,copainala
El Bosque,el bosque
El Porvenir,el porvenir
Escuintla,escuintla
Francisco Leon,francisco leon
Frontera Comalapa,frontera comalapa
Frontera Hidalgo,frontera hidalgo
Huehuetan,huehuetan
Huitiupan,huitiupan
Huixtan,huixtan
Huixtla,huixtla
Ixhuatan,ixhuatan
Ixtacomitan,ixtacomitan
Ixtapa,ixtapa
Ixtapangajoya,ixtapangajoya
Jiquipilas,jiquipilas
Jitotol,jitotol
Juarez,juarez
La Concordia,la concordia
La Grandeza,la grandeza
La Independencia,la independencia
La Libertad,la libertad
La Trinitaria,la trinitaria
Larrainzar,larrainzar
Las Margaritas,las margaritas
Las Rosas,las rosas
Mapastepec,mapastepec
Maravilla Tenejapa,maravilla tenejapa
Marques de Comillas,marques de comillas
Mazapa de Madero,mazapa de madero
Mazatan,mazatan
Metapa,metapa
Mitontic,mitontic
Montecristo de Guerrero,montecristo de guerrero
Motozintla,motozintla
Nicolas Ruiz,nicolas ruiz
Ocosingo,ocosingo
Ocotepec,ocotepec
Ocozocoautla de Espinosa,ocozocoautla de espinosa
Ostuacan,ostuacan
Osumacinta,osumacinta
Oxchuc,oxchuc
Palenque,palenque
Pantelho,pantelho
Pantepec,pantepec
Pichucalco,pichucalco
Pijijiapan,pijijiapan
Pueblo Nuevo Solistahuacan,pueblo nuevo solistahuacan
Rayon,rayon
Reforma,reforma
Sabanilla,sabanilla
Salto de Agua,salto de agua
San Andres Duraznal,san andres duraznal
San Cristobal de las Casas,san cristobal de las casas
San Fernando,san fernando
San Juan Cancuc,san juan cancuc
San Lucas,san lucas
Santiago el Pinar,santiago el pinar
Siltepec,siltepec
Simojovel,simojovel
Sitala,sitala
Socoltenango,socoltenango
Solosuchiapa,solosuchiapa
Soyalo,soyalo
Suchiapa,suchiapa
Suchiate,suchiate
Sunuapa,sunuapa
Tapachula,tapachula
Tapalapa,tapalapa
Tapilula,tapilula
Tecpatan,tecpatan
Tenejapa,tenejapa
Teopisca,teopisca
Tila,tila
Tonala,tonala
Totolapa,totolapa
Tumbala,tumbala
Tuxtla Chico,tuxtla chico
Tuxtla Gutierrez,tuxtla gutierrez
Tuzantan,tuzantan
Tzimol,tzimol
Union Juarez,union juarez
Venustiano Carranza,venustiano carranza
Villa Comaltitlan,villa comaltitlan
Villa Corzo,villa corzo
Villaflores,villaflores
Yajalon,yajalon
Zinacantan,zinacantan
Ahumada,ahumada
Aldama,aldama
Allende,allende
Aquiles Serdan,aquiles serdan
Ascension,ascension
Bachiniva,bachiniva
Balleza,balleza
Batopilas,batopilas
Bocoyna,bocoyna
Buenaventura,buenaventura
Camargo,camargo
Carichi,carichi
Casas Grandes,casas grandes
Chihuahua,chihuahua
Chinipas,chinipas
Coronado,coronado
Coyame del Sotol,coyame del sotol
Cuauhtemoc,cuauhtemoc
Cusihuiriachi,cusihuiriachi
Delicias,delicias
Dr. Belisario Dominguez,dr. belisario dominguez
El Tule,el tule
Galeana,galeana
Gomez Farias,gomez farias
Gran Morelos,gran morelos
Guachochi,guachochi
Guadalupe,guadalupe
Guadalupe y Calvo,guadalupe y calvo
Guazapares,guazapares
Guerrero,guerrero
Hidalgo del Parral,hidalgo del parral
Huejotitan,huejotitan
Ignacio Zaragoza,ignacio zaragoza
Janos,janos
Jimenez,jimenez
Juarez,juarez
Julimes,julimes
La Cruz,la cruz
Lopez,lopez
Madera,madera
Maguarichi,maguarichi
Manuel Benavides,manuel benavides
Matachi,matachi
Matamoros,matamoros
Meoqui,meoqui
Morelos,morelos
Moris,moris
Namiquipa,namiquipa
Nonoava,nonoava
Nuevo Casas Grandes,nuevo casas grandes
Ocampo,ocampo
Ojinaga,ojinaga
Praxedis G. Guerrero,praxedis g. guerrero
Riva Palacio,riva palacio
Rosales,rosales
Rosario,rosario
San Francisco de Borja,san francisco de borja
San Francisco de Conchos,san francisco de conchos
San Francisco del Oro,san francisco del oro
Santa Barbara,santa barbara
Santa Isabel,santa isabel
Satevo,satevo
Saucillo,saucillo
Temosachic,temosachic
Urique,urique
Uruachi,uruachi
Valle de Zaragoza,valle de zaragoza
Abasolo,abasolo
Acuna,acuna
Allende,allende
Arteaga,arteaga
Candela,candela
Castanos,castanos
Cuatro Cienegas,cuatro cienegas
Escobedo,escobedo
Francisco I. Madero,francisco i. madero
Frontera,frontera
General Cepeda,general cepeda
Guerrero,guerrero
Hidalgo,hidalgo
Jimenez,jimenez
Juarez,juarez
Lamadrid,lamadrid
Matamoros,matamoros
Monclova,monclova
Morelos,morelos
Muzquiz,muzquiz
Nadadores,nadadores
Nava,nava
Ocampo,ocampo
Parras,parras
Piedras Negras,piedras negras
Progreso,progreso
Ramos Arizpe,ramos arizpe
Sabinas,sabinas
Sacramento,sacramento
Saltillo,saltillo
San Buenaventura,san buenaventura
San Juan de Sabinas,san juan de sabinas
San Pedro,san pedro
Sierra Mojada,sierra mojada
Torreon,torreon
Viesca,viesca
Villa Union,villa union
Zaragoza,zaragoza
Armeria,armeria
Colima,colima
Comala,comala
Coquimatlan,coquimatlan
Cuauhtemoc,cuauhtemoc
Ixtlahuacan,ixtlahuacan
Manzanillo,manzanillo
Minatitlan,minatitlan
Tecoman,tecoman
Villa de alvarez,villa de alvarez
alvaro Obregon,alvaro obregon
Azcapotzalco,azcapotzalco
Benito Juarez,benito juarez
Coyoacan,coyoacan
Cuajimalpa de Morelos,cuajimalpa de morelos
Cuauhtemoc,cuauhtemoc
Gustavo A. Madero,gustavo a. madero
Iztacalco,iztacalco
Iztapalapa,iztapalapa
La Magdalena Contreras,la magdalena contreras
Miguel Hidalgo,miguel hidalgo
Milpa Alta,milpa alta
Tlahuac,tlahuac
Tlalpan,tlalpan
Venustiano Carranza,venustiano carranza
Xochimilco,xochimilco
Canatlan,canatlan
Canelas,canelas
Coneto de Comonfort,coneto de comonfort
Cuencame,cuencame
Durango,durango
El Oro,el oro
General Simon Bolivar,general simon bolivar
Gomez Palacio,gomez palacio
Guadalupe Victoria,guadalupe victoria
Guanacevi,guanacevi
Hidalgo,hidalgo
Inde,inde
Lerdo,lerdo
Mapimi,mapimi
Mezquital,mezquital
Nazas,nazas
Nombre de Dios,nombre de dios
Nuevo Ideal,nuevo ideal
Ocampo,ocampo
Otaez,otaez
Panuco de Coronado,panuco de coronado
Penon Blanco,penon blanco
Poanas,poanas
Pueblo Nuevo,pueblo nuevo
Rodeo,rodeo
San Bernardo,san bernardo
San Dimas,san dimas
San Juan de Guadalupe,san juan de guadalupe
San Juan del Rio,san juan del rio
San Luis del Cordero,san luis del cordero
San Pedro del Gallo,san pedro del gallo
Santa Clara,santa clara
Santiago Papasquiaro,santiago papasquiaro
Suchil,suchil
Tamazula,tamazula
Tepehuanes,tepehuanes
Tlahualilo,tlahualilo
Topia,topia
Vicente Guerrero,vicente guerrero
Abasolo,abasolo
Acambaro,acambaro
Apaseo el Alto,apaseo el alto
Apaseo el Grande,apaseo el grande
Atarjea,atarjea
Celaya,celaya
Comonfort,comonfort
Coroneo,coroneo
Cortazar,cortazar
Cueramaro,cueramaro
Doctor Mora,doctor mora
Dolores Hidalgo Cuna de la Independencia Nacional,dolores hidalgo cuna de la independencia nacional
Guanajuato,guanajuato
Huanimaro,huanimaro
Irapuato,irapuato
Jaral del Progreso,jaral del progreso
Jerecuaro,jerecuaro
Leon,leon
Manuel Doblado,manuel doblado
Moroleon,moroleon
Ocampo,ocampo
Penjamo,penjamo
Pueblo Nuevo,pueblo nuevo
Purisima del Rincon,purisima del rincon
Romita,romita
Salamanca,salamanca
Salvatierra,salvatierra
San Diego de la Union,san diego de la union
San Felipe,san felipe
San Francisco del Rincon,san francisco del rincon
San Jose Iturbide,san jose iturbide
San Luis de la Paz,san luis de la paz
San Miguel de Allende,san miguel de allende
Santa Catarina,santa catarina
Santa Cruz de Juventino Rosas,santa cruz de juventino rosas
Santiago Maravatio,santiago maravatio
Silao,silao
Tarandacuao,tarandacuao
Tarimoro,tarimoro
Tierra Blanca,tierra blanca
Uriangato,uriangato
Valle de Santiago,valle de santiago
Victoria,victoria
Villagran,villagran
Xichu,xichu
Yuriria,yuriria
Acapulco de Juarez,acapulco de juarez
Acatepec,acatepec
Ahuacuotzingo,ahuacuotzingo
Ajuchitlan del Progreso,ajuchitlan del progreso
Alcozauca de Guerrero,alcozauca de guerrero
Alpoyeca,alpoyeca
Apaxtla,apaxtla
Arcelia,arcelia
Atenango del Rio,atenango del rio
Atlamajalcingo del Monte,atlamajalcingo del monte
Atlixtac,atlixtac
Atoyac de alvarez,atoyac de alvarez
Ayutla de los Libres,ayutla de los libres
Azoyu,azoyu
Benito Juarez,benito juarez
Buenavista de Cuellar,buenavista de cuellar
Chilapa de alvarez,chilapa de alvarez
Chilpancingo de los Bravo,chilpancingo de los bravo
Coahuayutla de Jose Maria Izazaga,coahuayutla de jose maria izazaga
Cochoapa el Grande,cochoapa el grande
Cocula,cocula
Copala,copala
Copalillo,copalillo
Copanatoyac,copanatoyac
Coyuca de Benitez,coyuca de benitez
Coyuca de Catalan,coyuca de catalan
Cuajinicuilapa,cuajinicuilapa
Cualac,cualac
Cuautepec,cuautepec
Cuetzala del Progreso,cuetzala del progreso
Cutzamala de Pinzon,cutzamala de pinzon
Eduardo Neri,eduardo neri
Florencio Villarreal,florencio villarreal
General Canuto A. Neri,general canuto a. neri
General Heliodoro Castillo,general heliodoro castillo
Huamuxtitlan,huamuxtitlan
Huitzuco de los Figueroa,huitzuco de los figueroa
Iguala de la Independencia,iguala de la independencia
Igualapa,igualapa
Iliatenco,iliatenco
Ixcateopan de Cuauhtemoc,ixcateopan de cuauhtemoc
Jose Joaquin de Herrera,jose joaquin de herrera
Juan R. Escudero,juan r. escudero
Juchitan,juchitan
La Union de Isidoro Montes de Oca,la union de isidoro montes de oca
Leonardo Bravo,leonardo bravo
Malinaltepec,malinaltepec
Marquelia,marquelia
Martir de Cuilapan,martir de cuilapan
Metlatonoc,metlatonoc
Mochitlan,mochitlan
Olinala,olinala
Ometepec,ometepec
Pedro Ascencio Alquisiras,pedro ascencio alquisiras
Petatlan,petatlan
Pilcaya,pilcaya
Pungarabato,pungarabato
Quechultenango,quechultenango
San Luis Acatlan,san luis acatlan
San Marcos,san marcos
San Miguel Totolapan,san miguel totolapan
Taxco de Alarcon,taxco de alarcon
Tecoanapa,tecoanapa
Tecpan de Galeana,tecpan de galeana
Teloloapan,teloloapan
Tepecoacuilco de Trujano,tepecoacuilco de trujano
Tetipac,tetipac
Tixtla de Guerrero,tixtla de guerrero
Tlacoachistlahuaca,tlacoachistlahuaca
Tlacoapa,tlacoapa
Tlalchapa,tlalchapa
Tlalixtaquilla de Maldonado,tlalixtaquilla de maldonado
Tlapa de Comonfort,tlapa de comonfort
Tlapehuala,tlapehuala
Xalpatlahuac,xalpatlahuac
Xochihuehuetlan,xochihuehuetlan
Xochistlahuaca,xochistlahuaca
Zapotitlan Tablas,zapotitlan tablas
Zihuatanejo de Azueta,zihuatanejo de azueta
Zirandaro,zirandaro
Zitlala,zitlala
Acatlan,acatlan
Acaxochitlan,acaxochitlan
Actopan,actopan
Agua Blanca de Iturbide,agua blanca de iturbide
Ajacuba,ajacuba
Alfajayucan,alfajayucan
Almoloya,almoloya
Apan,apan
Atitalaquia,atitalaquia
Atlapexco,atlapexco
Atotonilco de Tula,atotonilco de tula
Atotonilco el Grande,atotonilco el grande
Calnali,calnali
Cardonal,cardonal
Chapantongo,chapantongo
Chapulhuacan,chapulhuacan
Chilcuautla,chilcuautla
Cuautepec de Hinojosa,cuautepec de hinojosa
El Arenal,el arenal
Eloxochitlan,eloxochitlan
Emiliano Zapata,emiliano zapata
Epazoyucan,epazoyucan
Francisco I. Madero,francisco i. madero
Huasca de Ocampo,huasca de ocampo
Huautla,huautla
Huazalingo,huazalingo
Huehuetla,huehuetla
Huejutla de Reyes,huejutla de reyes
Huichapan,huichapan
Ixmiquilpan,ixmiquilpan
Jacala de Ledezma,jacala de ledezma
Jaltocan,jaltocan
Juarez Hidalgo,juarez hidalgo
La Mision,la mision
Lolotla,lolotla
Metepec,metepec
Metztitlan,metztitlan
Mineral de la Reforma,mineral de la reforma
Mineral del Chico,mineral del chico
Mineral del Monte,mineral del monte
Mixquiahuala de Juarez,mixquiahuala de juarez
Molango de Escamilla,molango de escamilla
Nicolas Flores,nicolas flores
Nopala de Villagran,nopala de villagran
Omitlan de Juarez,omitlan de juarez
Pachuca de Soto,pachuca de soto
Pacula,pacula
Pisaflores,pisaflores
Progreso de Obregon,progreso de obregon
San Agustin Metzquititlan,san agustin metzquititlan
San Agustin Tlaxiaca,san agustin tlaxiaca
San Bartolo Tutotepec,san bartolo tutotepec
San Felipe Orizatlan,san felipe orizatlan
San Salvador,san salvador
Santiago de Anaya,santiago de anaya
Santiago Tulantepec de Lugo Guerrero,santiago tulantepec de lugo guerrero
Singuilucan,singuilucan
Tasquillo,tasquillo
Tecozautla,tecozautla
Tenango de Doria,tenango de doria
Tepeapulco,tepeapulco
Tepehuacan de Guerrero,tepehuacan de guerrero
Tepeji del Rio de Ocampo,tepeji del rio de ocampo
Tepetitlan,tepetitlan
Tetepango,tetepango
Tezontepec de Aldama,tezontepec de aldama
Tianguistengo,tianguistengo
Tizayuca,tizayuca
Tlahuelilpan,tlahuelilpan
Tlahuiltepa,tlahuiltepa
Tlanalapa,tlanalapa
Tlanchinol,tlanchinol
Tlaxcoapan,tlaxcoapan
Tolcayuca,tolcayuca
Tula de Allende,tula de allende
Tulancingo de Bravo,tulancingo de bravo
Villa de Tezontepec,villa de tezontepec
Xochiatipan,xochiatipan
Xochicoatlan,xochicoatlan
Yahualica,yahualica
Zacualtipan de angeles,zacualtipan de angeles
Zapotlan de Juarez,zapotlan de juarez
Zempoala,zempoala
Zimapan,zimapan
Acatic,acatic
Acatlan de Juarez,acatlan de juarez
Ahualulco de Mercado,ahualulco de mercado
Amacueca,amacueca
Amatitan,amatitan
Ameca,ameca
Arandas,arandas
Atemajac de Brizuela,atemajac de brizuela
Atengo,atengo
Atenguillo,atenguillo
Atotonilco el Alto,atotonilco el alto
Atoyac,atoyac
Autlan de Navarro,autlan de navarro
Ayotlan,ayotlan
Ayutla,ayutla
Bolanos,bolanos
Cabo Corrientes,cabo corrientes
Canadas de Obregon,canadas de obregon
Casimiro Castillo,casimiro castillo
Chapala,chapala
Chimaltitan,chimaltitan
Chiquilistlan,chiquilistlan
Cihuatlan,cihuatlan
Cocula,cocula
Colotlan,colotlan
Concepcion de Buenos Aires,concepcion de buenos aires
Cuautitlan de Garcia Barragan,cuautitlan de garcia barragan
Cuautla,cuautla
Cuquio,cuquio
Degollado,degollado
Ejutla,ejutla
El Arenal,el arenal
El Grullo,el grullo
El Limon,el limon
El Salto,el salto
Encarnacion de Diaz,encarnacion de diaz
Etzatlan,etzatlan
Gomez Farias,gomez farias
Guachinango,guachinango
Guadalajara,guadalajara
Hostotipaquillo,hostotipaquillo
Huejucar,huejucar
Huejuquilla el Alto,huejuquilla el alto
Ixtlahuacan de los Membrillos,ixtlahuacan de los membrillos
Ixtlahuacan del Rio,ixtlahuacan del rio
Jalostotitlan,jalostotitlan
Jamay,jamay
Jesus Maria,jesus maria
Jilotlan de los Dolores,jilotlan de los dolores
Jocotepec,jocotepec
Juanacatlan,juanacatlan
Juchitlan,juchitlan
La Barca,la barca
La Huerta,la huerta
La Manzanilla de la Paz,la manzanilla de la paz
Lagos de Moreno,lagos de moreno
Magdalena,magdalena
Mascota,mascota
Mazamitla,mazamitla
Mexticacan,mexticacan
Mezquitic,mezquitic
Mixtlan,mixtlan
Ocotlan,ocotlan
Ojuelos de Jalisco,ojuelos de jalisco
Pihuamo,pihuamo
Poncitlan,poncitlan
Puerto Vallarta,puerto vallarta
Quitupan,quitupan
San Cristobal de la Barranca,san cristobal de la barranca
San Diego de Alejandria,san diego de alejandria
San Gabriel,san gabriel
San Ignacio Cerro Gordo,san ignacio cerro gordo
San Juan de los Lagos,san juan de los lagos
San Juanito de Escobedo,san juanito de escobedo
San Julian,san julian
San Marcos,san marcos
San Martin de Bolanos,san martin de bolanos
San Martin Hidalgo,san martin hidalgo
San Miguel el Alto,san miguel el alto
San Pedro Tlaquepaque,san pedro tlaquepaque
San Sebastian del Oeste,san sebastian del oeste
Santa Maria de los angeles,santa maria de los angeles
Santa Maria del Oro,santa maria del oro
Sayula,sayula
Tala,tala
Talpa de Allende,talpa de allende
Tamazula de Gordiano,tamazula de gordiano
Tapalpa,tapalpa
Tecalitlan,tecalitlan
Techaluta de Montenegro,techaluta de montenegro
Tecolotlan,tecolotlan
Tenamaxtlan,tenamaxtlan
Teocaltiche,teocaltiche
Teocuitatlan de Corona,teocuitatlan de corona
Tepatitlan de Morelos,tepatitlan de morelos
Tequila,tequila
Teuchitlan,teuchitlan
Tizapan el Alto,tizapan el alto
Tlajomulco de Zuniga,tlajomulco de zuniga
Toliman,toliman
Tomatlan,tomatlan
Tonala,tonala
Tonaya,tonaya
Tonila,tonila
Totatiche,totatiche
Tototlan,tototlan
Tuxcacuesco,tuxcacuesco
Tuxcueca,tuxcueca
Tuxpan,tuxpan
Union de San Antonio,union de san antonio
Union de Tula,union de tula
Valle de Guadalupe,valle de guadalupe
Valle de Juarez,valle de juarez
Villa Corona,villa corona
Villa Guerrero,villa guerrero
Villa Hidalgo,villa hidalgo
Villa Purificacion,villa purificacion
Yahualica de Gonzalez Gallo,yahualica de gonzalez gallo
Zacoalco de Torres,zacoalco de torres
Zapopan,zapopan
Zapotiltic,zapotiltic
Zapotitlan de Vadillo,zapotitlan de vadillo
Zapotlan del Rey,zapotlan del rey
Zapotlan el Grande,zapotlan el grande
Zapotlanejo,zapotlanejo
Acambay de Ruiz Castaneda,acambay de ruiz castaneda
Acolman,acolman
Aculco,aculco
Almoloya de Alquisiras,almoloya de alquisiras
Almoloya de Juarez,almoloya de juarez
Almoloya del Rio,almoloya del rio
Amanalco,amanalco
Amatepec,amatepec
Amecameca,amecameca
Apaxco,apaxco
Atenco,atenco
Atizapan,atizapan
Atizapan de Zaragoza,atizapan de zaragoza
Atlacomulco,atlacomulco
Atlautla,atlautla
Axapusco,axapusco
Ayapango,ayapango
Calimaya,calimaya
Capulhuac,capulhuac
Chalco,chalco
Chapa de Mota,chapa de mota
Chapultepec,chapultepec
Chiautla,chiautla
Chicoloapan,chicoloapan
Chiconcuac,chiconcuac
Chimalhuacan,chimalhuacan
Coacalco de Berriozabal,coacalco de berriozabal
Coatepec Harinas,coatepec harinas
Cocotitlan,cocotitlan
Coyotepec,coyotepec
Cuautitlan,cuautitlan
Cuautitlan Izcalli,cuautitlan izcalli
Donato Guerra,donato guerra
Ecatepec de Morelos,ecatepec de morelos
Ecatzingo,ecatzingo
El Oro,el oro
Huehuetoca,huehuetoca
Hueypoxtla,hueypoxtla
Huixquilucan,huixquilucan
Isidro Fabela,isidro fabela
Ixtapaluca,ixtapaluca
Ixtapan de la Sal,ixtapan de la sal
Ixtapan del Oro,ixtapan del oro
Ixtlahuaca,ixtlahuaca
Jaltenco,jaltenco
Jilotepec,jilotepec
Jilotzingo,jilotzingo
Jiquipilco,jiquipilco
Jocotitlan,jocotitlan
Joquicingo,joquicingo
Juchitepec,juchitepec
La Paz,la paz
Lerma,lerma
Luvianos,luvianos
Malinalco,malinalco
Melchor Ocampo,melchor ocampo
Metepec,metepec
Mexicaltzingo,mexicaltzingo
Morelos,morelos
Naucalpan de Juarez,naucalpan de juarez
Nextlalpan,nextlalpan
Nezahualcoyotl,nezahualcoyotl
Nicolas Romero,nicolas romero
Nopaltepec,nopaltepec
Ocoyoacac,ocoyoacac
Ocuilan,ocuilan
Otumba,otumba
Otzoloapan,otzoloapan
Otzolotepec,otzolotepec
Ozumba,ozumba
Papalotla,papalotla
Polotitlan,polotitlan
Rayon,rayon
San Antonio la Isla,san antonio la isla
San Felipe del Progreso,san felipe del progreso
San Jose del Rincon,san jose del rincon
San Martin de las Piramides,san martin de las piramides
San Mateo Atenco,san mateo atenco
San Simon de Guerrero,san simon de guerrero
Santo Tomas,santo tomas
Soyaniquilpan de Juarez,soyaniquilpan de juarez
Sultepec,sultepec
Tecamac,tecamac
Tejupilco,tejupilco
Temamatla,temamatla
Temascalapa,temascalapa
Temascalcingo,temascalcingo
Temascaltepec,temascaltepec
Temoaya,temoaya
Tenancingo,tenancingo
Tenango del Aire,tenango del aire
Tenango del Valle,tenango del valle
Teoloyucan,teoloyucan
Teotihuacan,teotihuacan
Tepetlaoxtoc,tepetlaoxtoc
Tepetlixpa,tepetlixpa
Tepotzotlan,tepotzotlan
Tequixquiac,tequixquiac
Texcaltitlan,texcaltitlan
Texcalyacac,texcalyacac
Texcoco,texcoco
Tezoyuca,tezoyuca
Tianguistenco,tianguistenco
Timilpan,timilpan
Tlalmanalco,tlalmanalco
Tlalnepantla de Baz,tlalnepantla de baz
Tlatlaya,tlatlaya
Toluca,toluca
Tonanitla,tonanitla
Tonatico,tonatico
Tultepec,tultepec
Tultitlan,tultitlan
Valle de Bravo,valle de bravo
Valle de Chalco Solidaridad,valle de chalco solidaridad
Villa de Allende,villa de allende
Villa del Carbon,villa del carbon
Villa Guerrero,villa guerrero
Villa Victoria,villa victoria
Xalatlaco,xalatlaco
Xonacatlan,xonacatlan
Zacazonapan,zacazonapan
Zacualpan,zacualpan
Zinacantepec,zinacantepec
Zumpahuacan,zumpahuacan
Zumpango,zumpango
Acuitzio,acuitzio
Aguililla,aguililla
alvaro Obregon,alvaro obregon
Angamacutiro,angamacutiro
Angangueo,angangueo
Apatzingan,apatzingan
Aporo,aporo
Aquila,aquila
Ario,ario
Arteaga,arteaga
Brisenas,brisenas
Buenavista,buenavista
Caracuaro,caracuaro
Charapan,charapan
Charo,charo
Chavinda,chavinda
Cheran,cheran
Chilchota,chilchota
Chinicuila,chinicuila
Chucandiro,chucandiro
Churintzio,churintzio
Churumuco,churumuco
Coahuayana,coahuayana
Coalcoman de Vazquez Pallares,coalcoman de vazquez pallares
Coeneo,coeneo
Cojumatlan de Regules,cojumatlan de regules
Contepec,contepec
Copandaro,copandaro
Cotija,cotija
Cuitzeo,cuitzeo
Ecuandureo,ecuandureo
Epitacio Huerta,epitacio huerta
Erongaricuaro,erongaricuaro
Gabriel Zamora,gabriel zamora
Hidalgo,hidalgo
Huandacareo,huandacareo
Huaniqueo,huaniqueo
Huetamo,huetamo
Huiramba,huiramba
Indaparapeo,indaparapeo
Irimbo,irimbo
Ixtlan,ixtlan
Jacona,jacona
Jimenez,jimenez
Jiquilpan,jiquilpan
Jose Sixto Verduzco,jose sixto verduzco
Juarez,juarez
Jungapeo,jungapeo
La Huacana,la huacana
La Piedad,la piedad
Lagunillas,lagunillas
Lazaro Cardenas,lazaro cardenas
Los Reyes,los reyes
Madero,madero
Maravatio,maravatio
Marcos Castellanos,marcos castellanos
Morelia,morelia
Morelos,morelos
Mugica,mugica
Nahuatzen,nahuatzen
Nocupetaro,nocupetaro
Nuevo Parangaricutiro,nuevo parangaricutiro
Nuevo Urecho,nuevo urecho
Numaran,numaran
Ocampo,ocampo
Pajacuaran,pajacuaran
Panindicuaro,panindicuaro
Paracho,paracho
Paracuaro,paracuaro
Patzcuaro,patzcuaro
Penjamillo,penjamillo
Periban,periban
Purepero,purepero
Puruandiro,puruandiro
Querendaro,querendaro
Quiroga,quiroga
Sahuayo,sahuayo
Salvador Escalante,salvador escalante
San Lucas,san lucas
Santa Ana Maya,santa ana maya
Senguio,senguio
Susupuato,susupuato
Tacambaro,tacambaro
Tancitaro,tancitaro
Tangamandapio,tangamandapio
Tangancicuaro,tangancicuaro
Tanhuato,tanhuato
Taretan,taretan
Tarimbaro,tarimbaro
Tepalcatepec,tepalcatepec
Tingambato,tingambato
Tinguindin,tinguindin
Tiquicheo de Nicolas Romero,tiquicheo de nicolas romero
Tlalpujahua,tlalpujahua
Tlazazalca,tlazazalca
Tocumbo,tocumbo
Tumbiscatio,tumbiscatio
Turicato,turicato
Tuxpan,tuxpan
Tuzantla,tuzantla
Tzintzuntzan,tzintzuntzan
Tzitzio,tzitzio
Uruapan,uruapan
Venustiano Carranza,venustiano carranza
Villamar,villamar
Vista Hermosa,vista hermosa
Yurecuaro,yurecuaro
Zacapu,zacapu
Zamora,zamora
Zinaparo,zinaparo
Zinapecuaro,zinapecuaro
Ziracuaretiro,ziracuaretiro
Zitacuaro,zitacuaro
Amacuzac,amacuzac
Atlatlahucan,atlatlahucan
Axochiapan,axochiapan
Ayala,ayala
Coatlan del Rio,coatlan del rio
Cuautla,cuautla
Cuernavaca,cuernavaca
Emiliano Zapata,emiliano zapata
Huitzilac,huitzilac
Jantetelco,jantetelco
Jiutepec,jiutepec
Jojutla,jojutla
Jonacatepec,jonacatepec
Mazatepec,mazatepec
Miacatlan,miacatlan
Ocuituco,ocuituco
Puente de Ixtla,puente de ixtla
Temixco,temixco
Temoac,temoac
Tepalcingo,tepalcingo
Tepoztlan,tepoztlan
Tetecala,tetecala
Tetela del Volcan,tetela del volcan
Tlalnepantla,tlalnepantla
Tlaltizapan de Zapata,tlaltizapan de zapata
Tlaquiltenango,tlaquiltenango
Tlayacapan,tlayacapan
Totolapan,totolapan
Xochitepec,xochitepec
Yautepec,yautepec
Yecapixtla,yecapixtla
Zacatepec,zacatepec
Zacualpan,zacualpan
Acaponeta,acaponeta
Ahuacatlan,ahuacatlan
Amatlan de Canas,amatlan de canas
Bahia de Banderas,bahia de banderas
Compostela,compostela
Del Nayar,del nayar
Huajicori,huajicori
Ixtlan del Rio,ixtlan del rio
Jala,jala
La Yesca,la yesca
Rosamorada,rosamorada
Ruiz,ruiz
San Blas,san blas
San Pedro Lagunillas,san pedro lagunillas
Santa Maria del Oro,santa maria del oro
Santiago Ixcuintla,santiago ixcuintla
Tecuala,tecuala
Tepic,tepic
Tuxpan,tuxpan
Xalisco,xalisco
Abasolo,abasolo
Agualeguas,agualeguas
Allende,allende
Anahuac,anahuac
Apodaca,apodaca
Aramberri,aramberri
Bustamante,bustamante
Cadereyta Jimenez,cadereyta jimenez
Cerralvo,cerralvo
China,china
Cienega de Flores,cienega de flores
Doctor Arroyo,doctor arroyo
Doctor Coss,doctor coss
Doctor Gonzalez,doctor gonzalez
El Carmen,el carmen
Galeana,galeana
Garcia,garcia
General Bravo,general bravo
General Escobedo,general escobedo
General Teran,general teran
General Trevino,general trevino
General Zaragoza,general zaragoza
General Zuazua,general zuazua
Guadalupe,guadalupe
Hidalgo,hidalgo
Higueras,higueras
Hualahuises,hualahuises
Iturbide,iturbide
Juarez,juarez
Lampazos de Naranjo,lampazos de naranjo
Linares,linares
Los Aldamas,los aldamas
Los Herreras,los herreras
Los Ramones,los ramones
Marin,marin
Melchor Ocampo,melchor ocampo
Mier y Noriega,mier y noriega
Mina,mina
Montemorelos,montemorelos
Monterrey,monterrey
Paras,paras
Pesqueria,pesqueria
Rayones,rayones
Sabinas Hidalgo,sabinas hidalgo
Salinas Victoria,salinas victoria
San Nicolas de los Garza,san nicolas de los garza
San Pedro Garza Garcia,san pedro garza garcia
Santa Catarina,santa catarina
Santiago,santiago
Vallecillo,vallecillo
Villaldama,villaldama
Acatlan de Perez Figueroa,acatlan de perez figueroa
Asuncion Cuyotepeji,asuncion cuyotepeji
Asuncion Ixtaltepec,asuncion ixtaltepec
Asuncion Nochixtlan,asuncion nochixtlan
Asuncion Ocotlan,asuncion ocotlan
Ayotzintepec,ayotzintepec
Chahuites,chahuites
Chalcatongo de Hidalgo,chalcatongo de hidalgo
Cienega de Zimatlan,cienega de zimatlan
Ciudad Ixtepec,ciudad ixtepec
Cosolapa,cosolapa
Cuilapam de Guerrero,cuilapam de guerrero
El Barrio de la Soledad,el barrio de la soledad
El Espinal,el espinal
Fresnillo de Trujano,fresnillo de trujano
Guadalupe de Ramirez,guadalupe de ramirez
Heroica Ciudad de Ejutla de Crespo,heroica ciudad de ejutla de crespo
Heroica Ciudad de Huajuapan de Leon,heroica ciudad de huajuapan de leon
Heroica Ciudad de Juchitan de Zaragoza,heroica ciudad de juchitan de zaragoza
Heroica Ciudad de Tlaxiaco,heroica ciudad de tlaxiaco
"Heroica Villa Tezoatlan de Segura y Luna, Cuna de la Independencia de Oaxaca","heroica villa tezoatlan de segura y luna, cuna de la independencia de oaxaca"
Huautepec,huautepec
Huautla de Jimenez,huautla de jimenez
Loma Bonita,loma bonita
Magdalena Ocotlan,magdalena ocotlan
Magdalena Tequisistlan,magdalena tequisistlan
Magdalena Tlacotepec,magdalena tlacotepec
Mariscala de Juarez,mariscala de juarez
Martires de Tacubaya,martires de tacubaya
Matias Romero Avendano,matias romero avendano
Miahuatlan de Porfirio Diaz,miahuatlan de porfirio diaz
Oaxaca de Juarez,oaxaca de juarez
Ocotlan de Morelos,ocotlan de morelos
Pinotepa de Don Luis,pinotepa de don luis
Putla Villa de Guerrero,putla villa de guerrero
Reforma de Pineda,reforma de pineda
Salina Cruz,salina cruz
San Agustin Amatengo,san agustin amatengo
San Agustin Atenango,san agustin atenango
San Andres Cabecera Nueva,san andres cabecera nueva
San Andres Dinicuiti,san andres dinicuiti
San Andres Huaxpaltepec,san andres huaxpaltepec
San Andres Zautla,san andres zautla
San Antonino Castillo Velasco,san antonino castillo velasco
San Baltazar Chichicapam,san baltazar chichicapam
San Bartolome Ayautla,san bartolome ayautla
San Blas Atempa,san blas atempa
San Dionisio del Mar,san dionisio del mar
San Felipe Jalapa de Diaz,san felipe jalapa de diaz
San Felipe Usila,san felipe usila
San Francisco del Mar,san francisco del mar
San Francisco Ixhuatan,san francisco ixhuatan
San Francisco Telixtlahuaca,san francisco telixtlahuaca
San Jacinto Amilpas,san jacinto amilpas
San Jeronimo Silacayoapilla,san jeronimo silacayoapilla
San Jose Chiltepec,san jose chiltepec
San Jose Estancia Grande,san jose estancia grande
San Jose Independencia,san jose independencia
San Jose Tenango,san jose tenango
San Juan Bautista Cuicatlan,san juan bautista cuicatlan
San Juan Bautista Lo de Soto,san juan bautista lo de soto
San Juan Bautista Suchitepec,san juan bautista suchitepec
San Juan Bautista Tlacoatzintepec,san juan bautista tlacoatzintepec
San Juan Bautista Tuxtepec,san juan bautista tuxtepec
San Juan Bautista Valle Nacional,san juan bautista valle nacional
San Juan Cacahuatepec,san juan cacahuatepec
San Juan Coatzospam,san juan coatzospam
San Juan Colorado,san juan colorado
San Juan Guichicovi,san juan guichicovi
San Juan Ihualtepec,san juan ihualtepec
San Lorenzo,san lorenzo
San Lucas Ojitlan,san lucas ojitlan
San Marcos Arteaga,san marcos arteaga
San Martin Zacatepec,san martin zacatepec
San Mateo Rio Hondo,san mateo rio hondo
San Miguel Ahuehuetitlan,san miguel ahuehuetitlan
San Miguel Amatitlan,san miguel amatitlan
San Miguel Soyaltepec,san miguel soyaltepec
San Miguel Tlacamama,san miguel tlacamama
San Nicolas Hidalgo,san nicolas hidalgo
San Pablo Huitzo,san pablo huitzo
San Pablo Huixtepec,san pablo huixtepec
San Pablo Villa de Mitla,san pablo villa de mitla
San Pedro Amuzgos,san pedro amuzgos
San Pedro Atoyac,san pedro atoyac
San Pedro Comitancillo,san pedro comitancillo
San Pedro Huamelula,san pedro huamelula
San Pedro Huilotepec,san pedro huilotepec
San Pedro Ixcatlan,san pedro ixcatlan
San Pedro Jicayan,san pedro jicayan
San Pedro Mixtepec -Dto. 22 -,san pedro mixtepec -dto. 22 -
San Pedro Pochutla,san pedro pochutla
San Pedro Tapanatepec,san pedro tapanatepec
San Pedro y San Pablo Teposcolula,san pedro y san pablo teposcolula
San Sebastian Ixcapa,san sebastian ixcapa
Santa Ana Zegache,santa ana zegache
Santa Catarina Juquila,santa catarina juquila
Santa Cruz Amilpas,santa cruz amilpas
Santa Cruz Itundujia,santa cruz itundujia
Santa Cruz Tacache de Mina,santa cruz tacache de mina
Santa Cruz Xoxocotlan,santa cruz xoxocotlan
Santa Gertrudis,santa gertrudis
Santa Lucia del Camino,santa lucia del camino
Santa Maria Cortijo,santa maria cortijo
Santa Maria Huatulco,santa maria huatulco
Santa Maria Huazolotitlan,santa maria huazolotitlan
Santa Maria Ipalapa,santa maria ipalapa
Santa Maria Jacatepec,santa maria jacatepec
Santa Maria Jalapa del Marques,santa maria jalapa del marques
Santa Maria Mixtequilla,santa maria mixtequilla
Santa Maria Petapa,santa maria petapa
Santa Maria Tecomavaca,santa maria tecomavaca
Santa Maria Teopoxco,santa maria teopoxco
Santa Maria Texcatitlan,santa maria texcatitlan
Santa Maria Tonameca,santa maria tonameca
Santa Maria Xadani,santa maria xadani
Santa Maria Zacatepec,santa maria zacatepec
Santiago Ayuquililla,santiago ayuquililla
Santiago Cacaloxtepec,santiago cacaloxtepec
Santiago Chazumba,santiago chazumba
Santiago Huajolotitlan,santiago huajolotitlan
Santiago Jamiltepec,santiago jamiltepec
Santiago Juxtlahuaca,santiago juxtlahuaca
Santiago Laollaga,santiago laollaga
Santiago Llano Grande,santiago llano grande
Santiago Niltepec,santiago niltepec
Santiago Pinotepa Nacional,santiago pinotepa nacional
Santiago Suchilquitongo,santiago suchilquitongo
Santiago Tamazola,santiago tamazola
Santiago Tapextla,santiago tapextla
Santiago Tetepec,santiago tetepec
Santo Domingo Armenta,santo domingo armenta
Santo Domingo Chihuitan,santo domingo chihuitan
Santo Domingo Ingenio,santo domingo ingenio
Santo Domingo Petapa,santo domingo petapa
Santo Domingo Tehuantepec,santo domingo tehuantepec
Santo Domingo Tonala,santo domingo tonala
Santo Domingo Zanatepec,santo domingo zanatepec
Silacayoapam,silacayoapam
Soledad Etla,soledad etla
Teotitlan de Flores Magon,teotitlan de flores magon
Tlacolula de Matamoros,tlacolula de matamoros
Trinidad Zaachila,trinidad zaachila
Union Hidalgo,union hidalgo
Valerio Trujano,valerio trujano
Villa de Etla,villa de etla
Villa de Tamazulapam del Progreso,villa de tamazulapam del progreso
Villa de Tututepec de Melchor Ocampo,villa de tututepec de melchor ocampo
Villa de Zaachila,villa de zaachila
Villa Sola de Vega,villa sola de vega
Villa Tejupam de la Union,villa tejupam de la union
Zapotitlan Lagunas,zapotitlan lagunas
Zimatlan de alvarez,zimatlan de alvarez
Acajete,acajete
Acateno,acateno
Acatlan,acatlan
Acatzingo,acatzingo
Acteopan,acteopan
Ahuacatlan,ahuacatlan
Ahuatlan,ahuatlan
Ahuazotepec,ahuazotepec
Ahuehuetitla,ahuehuetitla
Ajalpan,ajalpan
Albino Zertuche,albino zertuche
Aljojuca,aljojuca
Altepexi,altepexi
Amixtlan,amixtlan
Amozoc,amozoc
Aquixtla,aquixtla
Atempan,atempan
Atexcal,atexcal
Atlequizayan,atlequizayan
Atlixco,atlixco
Atoyatempan,atoyatempan
Atzala,atzala
Atzitzihuacan,atzitzihuacan
Atzitzintla,atzitzintla
Axutla,axutla
Ayotoxco de Guerrero,ayotoxco de guerrero
Calpan,calpan
Caltepec,caltepec
Camocuautla,camocuautla
Canada Morelos,canada morelos
Caxhuacan,caxhuacan
Chalchicomula de Sesma,chalchicomula de sesma
Chapulco,chapulco
Chiautla,chiautla
Chiautzingo,chiautzingo
Chichiquila,chichiquila
Chiconcuautla,chiconcuautla
Chietla,chietla
Chigmecatitlan,chigmecatitlan
Chignahuapan,chignahuapan
Chignautla,chignautla
Chila,chila
Chila de la Sal,chila de la sal
Chilchotla,chilchotla
Chinantla,chinantla
Coatepec,coatepec
Coatzingo,coatzingo
Cohetzala,cohetzala
Cohuecan,cohuecan
Coronango,coronango
Coxcatlan,coxcatlan
Coyomeapan,coyomeapan
Coyotepec,coyotepec
Cuapiaxtla de Madero,cuapiaxtla de madero
Cuautempan,cuautempan
Cuautinchan,cuautinchan
Cuautlancingo,cuautlancingo
Cuayuca de Andrade,cuayuca de andrade
Cuetzalan del Progreso,cuetzalan del progreso
Cuyoaco,cuyoaco
Domingo Arenas,domingo arenas
Eloxochitlan,eloxochitlan
Epatlan,epatlan
Esperanza,esperanza
Francisco Z. Mena,francisco z. mena
General Felipe angeles,general felipe angeles
Guadalupe,guadalupe
Guadalupe Victoria,guadalupe victoria
Hermenegildo Galeana,hermenegildo galeana
Honey,honey
Huaquechula,huaquechula
Huatlatlauca,huatlatlauca
Huauchinango,huauchinango
Huehuetla,huehuetla
Huehuetlan el Chico,huehuetlan el chico
Huehuetlan el Grande,huehuetlan el grande
Huejotzingo,huejotzingo
Hueyapan,hueyapan
Hueytamalco,hueytamalco
Hueytlalpan,hueytlalpan
Huitzilan de Serdan,huitzilan de serdan
Huitziltepec,huitziltepec
Ixcamilpa de Guerrero,ixcamilpa de guerrero
Ixcaquixtla,ixcaquixtla
Ixtacamaxtitlan,ixtacamaxtitlan
Ixtepec,ixtepec
Izucar de Matamoros,izucar de matamoros
Jalpan,jalpan
Jolalpan,jolalpan
Jonotla,jonotla
Jopala,jopala
Juan C. Bonilla,juan c. bonilla
Juan Galindo,juan galindo
Juan N. Mendez,juan n. mendez
La Magdalena Tlatlauquitepec,la magdalena tlatlauquitepec
Lafragua,lafragua
Libres,libres
Los Reyes de Juarez,los reyes de juarez
Mazapiltepec de Juarez,mazapiltepec de juarez
Mixtla,mixtla
Molcaxac,molcaxac
Naupan,naupan
Nauzontla,nauzontla
Nealtican,nealtican
Nicolas Bravo,nicolas bravo
Nopalucan,nopalucan
Ocotepec,ocotepec
Ocoyucan,ocoyucan
Olintla,olintla
Oriental,oriental
Pahuatlan,pahuatlan
Palmar de Bravo,palmar de bravo
Pantepec,pantepec
Petlalcingo,petlalcingo
Piaxtla,piaxtla
Puebla,puebla
Quecholac,quecholac
Quimixtlan,quimixtlan
Rafael Lara Grajales,rafael lara grajales
San Andres Cholula,san andres cholula
San Antonio Canada,san antonio canada
San Diego la Mesa Tochimiltzingo,san diego la mesa tochimiltzingo
San Felipe Teotlalcingo,san felipe teotlalcingo
San Felipe Tepatlan,san felipe tepatlan
San Gabriel Chilac,san gabriel chilac
San Gregorio Atzompa,san gregorio atzompa
San Jeronimo Tecuanipan,san jeronimo tecuanipan
San Jeronimo Xayacatlan,san jeronimo xayacatlan
San Jose Chiapa,san jose chiapa
San Jose Miahuatlan,san jose miahuatlan
San Juan Atenco,san juan atenco
San Juan Atzompa,san juan atzompa
San Martin Texmelucan,san martin texmelucan
San Martin Totoltepec,san martin totoltepec
San Matias Tlalancaleca,san matias tlalancaleca
San Miguel Ixitlan,san miguel ixitlan
San Miguel Xoxtla,san miguel xoxtla
San Nicolas Buenos Aires,san nicolas buenos aires
San Nicolas de los Ranchos,san nicolas de los ranchos
San Pablo Anicano,san pablo anicano
San Pedro Cholula,san pedro cholula
San Pedro Yeloixtlahuaca,san pedro yeloixtlahuaca
San Salvador el Seco,san salvador el seco
San Salvador el Verde,san salvador el verde
San Salvador Huixcolotla,san salvador huixcolotla
San Sebastian Tlacotepec,san sebastian tlacotepec
Santa Catarina Tlaltempan,santa catarina tlaltempan
Santa Ines Ahuatempan,santa ines ahuatempan
Santa Isabel Cholula,santa isabel cholula
Santiago Miahuatlan,santiago miahuatlan
Santo Tomas Hueyotlipan,santo tomas hueyotlipan
Soltepec,soltepec
Tecali de Herrera,tecali de herrera
Tecamachalco,tecamachalco
Tecomatlan,tecomatlan
Tehuacan,tehuacan
Tehuitzingo,tehuitzingo
Tenampulco,tenampulco
Teopantlan,teopantlan
Teotlalco,teotlalco
Tepanco de Lopez,tepanco de lopez
Tepango de Rodriguez,tepango de rodriguez
Tepatlaxco de Hidalgo,tepatlaxco de hidalgo
Tepeaca,tepeaca
Tepemaxalco,tepemaxalco
Tepeojuma,tepeojuma
Tepetzintla,tepetzintla
Tepexco,tepexco
Tepexi de Rodriguez,tepexi de rodriguez
Tepeyahualco,tepeyahualco
Tepeyahualco de Cuauhtemoc,tepeyahualco de cuauhtemoc
Tetela de Ocampo,tetela de ocampo
Teteles de Avila Castillo,teteles de avila castillo
Teziutlan,teziutlan
Tianguismanalco,tianguismanalco
Tilapa,tilapa
Tlachichuca,tlachichuca
Tlacotepec de Benito Juarez,tlacotepec de benito juarez
Tlacuilotepec,tlacuilotepec
Tlahuapan,tlahuapan
Tlaltenango,tlaltenango
Tlanepantla,tlanepantla
Tlaola,tlaola
Tlapacoya,tlapacoya
Tlapanala,tlapanala
Tlatlauquitepec,tlatlauquitepec
Tlaxco,tlaxco
Tochimilco,tochimilco
Tochtepec,tochtepec
Totoltepec de Guerrero,totoltepec de guerrero
Tulcingo,tulcingo
Tuzamapan de Galeana,tuzamapan de galeana
Tzicatlacoyan,tzicatlacoyan
Venustiano Carranza,venustiano carranza
Vicente Guerrero,vicente guerrero
Xayacatlan de Bravo,xayacatlan de bravo
Xicotepec,xicotepec
Xicotlan,xicotlan
Xiutetelco,xiutetelco
Xochiapulco,xochiapulco
Xochiltepec,xochiltepec
Xochitlan de Vicente Suarez,xochitlan de vicente suarez
Xochitlan Todos Santos,xochitlan todos santos
Yaonahuac,yaonahuac
Yehualtepec,yehualtepec
Zacapala,zacapala
Zacapoaxtla,zacapoaxtla
Zacatlan,zacatlan
Zapotitlan,zapotitlan
Zapotitlan de Mendez,zapotitlan de mendez
Zaragoza,zaragoza
Zautla,zautla
Zihuateutla,zihuateutla
Zinacatepec,zinacatepec
Zongozotla,zongozotla
Zoquiapan,zoquiapan
Zoquitlan,zoquitlan
Amealco de Bonfil,amealco de bonfil
Arroyo Seco,arroyo seco
Cadereyta de Montes,cadereyta de montes
Colon,colon
Corregidora,corregidora
El Marques,el marques
Ezequiel Montes,ezequiel montes
Huimilpan,huimilpan
Jalpan de Serra,jalpan de serra
Landa de Matamoros,landa de matamoros
Pedro Escobedo,pedro escobedo
Penamiller,penamiller
Pinal de Amoles,pinal de amoles
Queretaro,queretaro
San Joaquin,san joaquin
San Juan del Rio,san juan del rio
Tequisquiapan,tequisquiapan
Toliman,toliman
Benito Juarez,benito juarez
Cozumel,cozumel
Felipe Carrillo Puerto,felipe carrillo puerto
Isla Mujeres,isla mujeres
Jose Maria Morelos,jose maria morelos
Lazaro Cardenas,lazaro cardenas
Othon P. Blanco,othon p. blanco
Solidaridad,solidaridad
Tulum,tulum
Ahualulco,ahualulco
Alaquines,alaquines
Aquismon,aquismon
Armadillo de los Infante,armadillo de los infante
Axtla de Terrazas,axtla de terrazas
Cardenas,cardenas
Catorce,catorce
Cedral,cedral
Cerritos,cerritos
Cerro de San Pedro,cerro de san pedro
Charcas,charcas
Ciudad del Maiz,ciudad del maiz
Ciudad Fernandez,ciudad fernandez
Ciudad Valles,ciudad valles
Coxcatlan,coxcatlan
Ebano,ebano
El Naranjo,el naranjo
Guadalcazar,guadalcazar
Huehuetlan,huehuetlan
Lagunillas,lagunillas
Matehuala,matehuala
Matlapa,matlapa
Mexquitic de Carmona,mexquitic de carmona
Moctezuma,moctezuma
Rayon,rayon
Rioverde,rioverde
Salinas,salinas
San Antonio,san antonio
San Ciro de Acosta,san ciro de acosta
San Luis Potosi,san luis potosi
San Martin Chalchicuautla,san martin chalchicuautla
San Nicolas Tolentino,san nicolas tolentino
San Vicente Tancuayalab,san vicente tancuayalab
Santa Catarina,santa catarina
Santa Maria del Rio,santa maria del rio
Santo Domingo,santo domingo
Soledad de Graciano Sanchez,soledad de graciano sanchez
Tamasopo,tamasopo
Tamazunchale,tamazunchale
Tampacan,tampacan
Tampamolon Corona,tampamolon corona
Tamuin,tamuin
Tancanhuitz,tancanhuitz
Tanlajas,tanlajas
Tanquian de Escobedo,tanquian de escobedo
Tierra Nueva,tierra nueva
Vanegas,vanegas
Venado,venado
Villa de Arista,villa de arista
Villa de Arriaga,villa de arriaga
Villa de Guadalupe,villa de guadalupe
Villa de la Paz,villa de la paz
Villa de Ramos,villa de ramos
Villa de Reyes,villa de reyes
Villa Hidalgo,villa hidalgo
Villa Juarez,villa juarez
Xilitla,xilitla
Zaragoza,zaragoza
Ahome,ahome
Angostura,angostura
Badiraguato,badiraguato
Choix,choix
Concordia,concordia
Cosala,cosala
Culiacan,culiacan
El Fuerte,el fuerte
Elota,elota
Escuinapa,escuinapa
Guasave,guasave
Mazatlan,mazatlan
Mocorito,mocorito
Navolato,navolato
Rosario,rosario
Salvador Alvarado,salvador alvarado
San Ignacio,san ignacio
Sinaloa,sinaloa
Aconchi,aconchi
Agua Prieta,agua prieta
Alamos,alamos
Altar,altar
Arivechi,arivechi
Arizpe,arizpe
Atil,atil
Bacadehuachi,bacadehuachi
Bacanora,bacanora
Bacerac,bacerac
Bacoachi,bacoachi
Bacum,bacum
Banamichi,banamichi
Baviacora,baviacora
Bavispe,bavispe
Benito Juarez,benito juarez
Benjamin Hill,benjamin hill
Caborca,caborca
Cajeme,cajeme
Cananea,cananea
Carbo,carbo
Cucurpe,cucurpe
Cumpas,cumpas
Divisaderos,divisaderos
Empalme,empalme
Etchojoa,etchojoa
Fronteras,fronteras
General Plutarco Elias Calles,general plutarco elias calles
Granados,granados
Guaymas,guaymas
Hermosillo,hermosillo
Huachinera,huachinera
Huasabas,huasabas
Huatabampo,huatabampo
Huepac,huepac
Imuris,imuris
La Colorada,la colorada
Magdalena,magdalena
Mazatan,mazatan
Moctezuma,moctezuma
Naco,naco
Nacori Chico,nacori chico
Nacozari de Garcia,nacozari de garcia
Navojoa,navojoa
Nogales,nogales
Onavas,onavas
Opodepe,opodepe
Oquitoa,oquitoa
Pitiquito,pitiquito
Puerto Penasco,puerto penasco
Quiriego,quiriego
Rayon,rayon
Rosario,rosario
Sahuaripa,sahuaripa
San Felipe de Jesus,san felipe de jesus
San Ignacio Rio Muerto,san ignacio rio muerto
San Javier,san javier
San Luis Rio Colorado,san luis rio colorado
San Miguel de Horcasitas,san miguel de horcasitas
San Pedro de la Cueva,san pedro de la cueva
Santa Ana,santa ana
Santa Cruz,santa cruz
Saric,saric
Soyopa,soyopa
Suaqui Grande,suaqui grande
Tepache,tepache
Trincheras,trincheras
Tubutama,tubutama
Ures,ures
Villa Hidalgo,villa hidalgo
Villa Pesqueira,villa pesqueira
Yecora,yecora
Balancan,balancan
Cardenas,cardenas
Centla,centla
Centro,centro
Comalcalco,comalcalco
Cunduacan,cunduacan
Emiliano Zapata,emiliano zapata
Huimanguillo,huimanguillo
Jalapa,jalapa
Jalpa de Mendez,jalpa de mendez
Jonuta,jonuta
Macuspana,macuspana
Nacajuca,nacajuca
Paraiso,paraiso
Tacotalpa,tacotalpa
Teapa,teapa
Tenosique,tenosique
Abasolo,abasolo
Aldama,aldama
Altamira,altamira
Antiguo Morelos,antiguo morelos
Burgos,burgos
Bustamante,bustamante
Camargo,camargo
Casas,casas
Ciudad Madero,ciudad madero
Cruillas,cruillas
El Mante,el mante
Gomez Farias,gomez farias
Gonzalez,gonzalez
Guemez,guemez
Guerrero,guerrero
Gustavo Diaz Ordaz,gustavo diaz ordaz
Hidalgo,hidalgo
Jaumave,jaumave
Jimenez,jimenez
Llera,llera
Mainero,mainero
Matamoros,matamoros
Mendez,mendez
Mier,mier
Miguel Aleman,miguel aleman
Miquihuana,miquihuana
Nuevo Laredo,nuevo laredo
Nuevo Morelos,nuevo morelos
Ocampo,ocampo
Padilla,padilla
Palmillas,palmillas
Reynosa,reynosa
Rio Bravo,rio bravo
San Carlos,san carlos
San Fernando,san fernando
San Nicolas,san nicolas
Soto la Marina,soto la marina
Tampico,tampico
Tula,tula
Valle Hermoso,valle hermoso
Victoria,victoria
Villagran,villagran
Xicotencatl,xicotencatl
Acuamanala de Miguel Hidalgo,acuamanala de miguel hidalgo
Amaxac de Guerrero,amaxac de guerrero
Apetatitlan de Antonio Carvajal,apetatitlan de antonio carvajal
Apizaco,apizaco
Atlangatepec,atlangatepec
Atltzayanca,atltzayanca
Benito Juarez,benito juarez
Calpulalpan,calpulalpan
Chiautempan,chiautempan
Contla de Juan Cuamatzi,contla de juan cuamatzi
Cuapiaxtla,cuapiaxtla
Cuaxomulco,cuaxomulco
El Carmen Tequexquitla,el carmen tequexquitla
Emiliano Zapata,emiliano zapata
Espanita,espanita
Huamantla,huamantla
Hueyotlipan,hueyotlipan
Ixtacuixtla de Mariano Matamoros,ixtacuixtla de mariano matamoros
Ixtenco,ixtenco
La Magdalena Tlaltelulco,la magdalena tlaltelulco
Lazaro Cardenas,lazaro cardenas
Mazatecochco de Jose Maria Morelos,mazatecochco de jose maria morelos
Munoz de Domingo Arenas,munoz de domingo arenas
Nanacamilpa de Mariano Arista,nanacamilpa de mariano arista
Nativitas,nativitas
Panotla,panotla
Papalotla de Xicohtencatl,papalotla de xicohtencatl
San Damian Texoloc,san damian texoloc
San Francisco Tetlanohcan,san francisco tetlanohcan
San Jeronimo Zacualpan,san jeronimo zacualpan
San Jose Teacalco,san jose teacalco
San Juan Huactzinco,san juan huactzinco
San Lorenzo Axocomanitla,san lorenzo axocomanitla
San Lucas Tecopilco,san lucas tecopilco
San Pablo del Monte,san pablo del monte
Sanctorum de Lazaro Cardenas,sanctorum de lazaro cardenas
Santa Ana Nopalucan,santa ana nopalucan
Santa Apolonia Teacalco,santa apolonia teacalco
Santa Catarina Ayometla,santa catarina ayometla
Santa Cruz Quilehtla,santa cruz quilehtla
Santa Cruz Tlaxcala,santa cruz tlaxcala
Santa Isabel Xiloxoxtla,santa isabel xiloxoxtla
Tenancingo,tenancingo
Teolocholco,teolocholco
Tepetitla de Lardizabal,tepetitla de lardizabal
Tepeyanco,tepeyanco
Terrenate,terrenate
Tetla de la Solidaridad,tetla de la solidaridad
Tetlatlahuca,tetlatlahuca
Tlaxcala,tlaxcala
Tlaxco,tlaxco
Tocatlan,tocatlan
Totolac,totolac
Tzompantepec,tzompantepec
Xaloztoc,xaloztoc
Xaltocan,xaltocan
Xicohtzinco,xicohtzinco
Yauhquemehcan,yauhquemehcan
Zacatelco,zacatelco
Ziltlaltepec de Trinidad Sanchez Santos,ziltlaltepec de trinidad sanchez santos
Acajete,acajete
Acatlan,acatlan
Acayucan,acayucan
Actopan,actopan
Acula,acula
Acultzingo,acultzingo
Agua Dulce,agua dulce
alamo Temapache,alamo temapache
Alpatlahuac,alpatlahuac
Alto Lucero de Gutierrez Barrios,alto lucero de gutierrez barrios
Altotonga,altotonga
Alvarado,alvarado
Amatitlan,amatitlan
Amatlan de los Reyes,amatlan de los reyes
Angel R. Cabada,angel r. cabada
Apazapan,apazapan
Aquila,aquila
Astacinga,astacinga
Atlahuilco,atlahuilco
Atoyac,atoyac
Atzacan,atzacan
Atzalan,atzalan
Ayahualulco,ayahualulco
Banderilla,banderilla
Benito Juarez,benito juarez
Boca del Rio,boca del rio
Calcahualco,calcahualco
Camaron de Tejeda,camaron de tejeda
Camerino Z. Mendoza,camerino z. mendoza
Carlos A. Carrillo,carlos a. carrillo
Carrillo Puerto,carrillo puerto
Castillo de Teayo,castillo de teayo
Catemaco,catemaco
Cazones de Herrera,cazones de herrera
Cerro Azul,cerro azul
Chacaltianguis,chacaltianguis
Chalma,chalma
Chiconamel,chiconamel
Chiconquiaco,chiconquiaco
Chicontepec,chicontepec
Chinameca,chinameca
Chinampa de Gorostiza,chinampa de gorostiza
Chocaman,chocaman
Chontla,chontla
Chumatlan,chumatlan
Citlaltepetl,citlaltepetl
Coacoatzintla,coacoatzintla
Coahuitlan,coahuitlan
Coatepec,coatepec
Coatzacoalcos,coatzacoalcos
Coatzintla,coatzintla
Coetzala,coetzala
Colipa,colipa
Comapa,comapa
Cordoba,cordoba
Cosamaloapan de Carpio,cosamaloapan de carpio
Cosautlan de Carvajal,cosautlan de carvajal
Coscomatepec,coscomatepec
Cosoleacaque,cosoleacaque
Cotaxtla,cotaxtla
Coxquihui,coxquihui
Coyutla,coyutla
Cuichapa,cuichapa
Cuitlahuac,cuitlahuac
El Higo,el higo
Emiliano Zapata,emiliano zapata
Espinal,espinal
Filomeno Mata,filomeno mata
Fortin,fortin
Gutierrez Zamora,gutierrez zamora
Hidalgotitlan,hidalgotitlan
Huatusco,huatusco
Huayacocotla,huayacocotla
Hueyapan de Ocampo,hueyapan de ocampo
Huiloapan de Cuauhtemoc,huiloapan de cuauhtemoc
Ignacio de la Llave,ignacio de la llave
Ilamatlan,ilamatlan
Isla,isla
Ixcatepec,ixcatepec
Ixhuacan de los Reyes,ixhuacan de los reyes
Ixhuatlan de Madero,ixhuatlan de madero
Ixhuatlan del Cafe,ixhuatlan del cafe
Ixhuatlan del Sureste,ixhuatlan del sureste
Ixhuatlancillo,ixhuatlancillo
Ixmatlahuacan,ixmatlahuacan
Ixtaczoquitlan,ixtaczoquitlan
Jalacingo,jalacingo
Jalcomulco,jalcomulco
Jaltipan,jaltipan
Jamapa,jamapa
Jesus Carranza,jesus carranza
Jilotepec,jilotepec
Jose Azueta,jose azueta
Juan Rodriguez Clara,juan rodriguez clara
Juchique de Ferrer,juchique de ferrer
La Antigua,la antigua
La Perla,la perla
Landero y Coss,landero y coss
Las Choapas,las choapas
Las Minas,las minas
Las Vigas de Ramirez,las vigas de ramirez
Lerdo de Tejada,lerdo de tejada
Los Reyes,los reyes
Magdalena,magdalena
Maltrata,maltrata
Manlio Fabio Altamirano,manlio fabio altamirano
Mariano Escobedo,mariano escobedo
Martinez de la Torre,martinez de la torre
Mecatlan,mecatlan
Mecayapan,mecayapan
Medellin,medellin
Miahuatlan,miahuatlan
Minatitlan,minatitlan
Misantla,misantla
Mixtla de Altamirano,mixtla de altamirano
Moloacan,moloacan
Nanchital de Lazaro Cardenas del Rio,nanchital de lazaro cardenas del rio
Naolinco,naolinco
Naranjal,naranjal
Naranjos Amatlan,naranjos amatlan
Nautla,nautla
Nogales,nogales
Oluta,oluta
Omealca,omealca
Orizaba,orizaba
Otatitlan,otatitlan
Oteapan,oteapan
Ozuluama de Mascarenas,ozuluama de mascarenas
Pajapan,pajapan
Panuco,panuco
Papantla,papantla
Paso de Ovejas,paso de ovejas
Paso del Macho,paso del macho
Perote,perote
Platon Sanchez,platon sanchez
Playa Vicente,playa vicente
Poza Rica de Hidalgo,poza rica de hidalgo
Pueblo Viejo,pueblo viejo
Puente Nacional,puente nacional
Rafael Delgado,rafael delgado
Rafael Lucio,rafael lucio
Rio Blanco,rio blanco
Saltabarranca,saltabarranca
San Andres Tenejapan,san andres tenejapan
San Andres Tuxtla,san andres tuxtla
San Juan Evangelista,san juan evangelista
San Rafael,san rafael
Santiago Sochiapan,santiago sochiapan
Santiago Tuxtla,santiago tuxtla
Sayula de Aleman,sayula de aleman
Sochiapa,sochiapa
Soconusco,soconusco
Soledad Atzompa,soledad atzompa
Soledad de Doblado,soledad de doblado
Soteapan,soteapan
Tamalin,tamalin
Tamiahua,tamiahua
Tampico Alto,tampico alto
Tancoco,tancoco
Tantima,tantima
Tantoyuca,tantoyuca
Tatahuicapan de Juarez,tatahuicapan de juarez
Tatatila,tatatila
Tecolutla,tecolutla
Tehuipango,tehuipango
Tempoal,tempoal
Tenampa,tenampa
Tenochtitlan,tenochtitlan
Teocelo,teocelo
Tepatlaxco,tepatlaxco
Tepetlan,tepetlan
Tepetzintla,tepetzintla
Tequila,tequila
Texcatepec,texcatepec
Texhuacan,texhuacan
Texistepec,texistepec
Tezonapa,tezonapa
Tierra Blanca,tierra blanca
Tihuatlan,tihuatlan
Tlachichilco,tlachichilco
Tlacojalpan,tlacojalpan
Tlacolulan,tlacolulan
Tlacotalpan,tlacotalpan
Tlacotepec de Mejia,tlacotepec de mejia
Tlalixcoyan,tlalixcoyan
Tlalnelhuayocan,tlalnelhuayocan
Tlaltetela,tlaltetela
Tlapacoyan,tlapacoyan
Tlaquilpa,tlaquilpa
Tlilapan,tlilapan
Tomatlan,tomatlan
Tonayan,tonayan
Totutla,totutla
Tres Valles,tres valles
Tuxpan,tuxpan
Tuxtilla,tuxtilla
Ursulo Galvan,ursulo galvan
Uxpanapa,uxpanapa
Vega de Alatorre,vega de alatorre
Veracruz,veracruz
Villa Aldama,villa aldama
Xalapa,xalapa
Xico,xico
Xoxocotla,xoxocotla
Yanga,yanga
Yecuatla,yecuatla
Zacualpan,zacualpan
Zaragoza,zaragoza
Zentla,zentla
Zongolica,zongolica
Zontecomatlan de Lopez y Fuentes,zontecomatlan de lopez y fuentes
Zozocolco de Hidalgo,zozocolco de hidalgo
Abala,abala
Acanceh,acanceh
Akil,akil
Baca,baca
Bokoba,bokoba
Buctzotz,buctzotz
Cacalchen,cacalchen
Calotmul,calotmul
Cansahcab,cansahcab
Cantamayec,cantamayec
Celestun,celestun
Cenotillo,cenotillo
Chacsinkin,chacsinkin
Chankom,chankom
Chapab,chapab
Chemax,chemax
Chichimila,chichimila
Chicxulub Pueblo,chicxulub pueblo
Chikindzonot,chikindzonot
Chochola,chochola
Chumayel,chumayel
Conkal,conkal
Cuncunul,cuncunul
Cuzama,cuzama
Dzan,dzan
Dzemul,dzemul
Dzidzantun,dzidzantun
Dzilam de Bravo,dzilam de bravo
Dzilam Gonzalez,dzilam gonzalez
Dzitas,dzitas
Dzoncauich,dzoncauich
Espita,espita
Halacho,halacho
Hocaba,hocaba
Hoctun,hoctun
Homun,homun
Huhi,huhi
Hunucma,hunucma
Ixil,ixil
Izamal,izamal
Kanasin,kanasin
Kantunil,kantunil
Kaua,kaua
Kinchil,kinchil
Kopoma,kopoma
Mama,mama
Mani,mani
Maxcanu,maxcanu
Mayapan,mayapan
Merida,merida
Mococha,mococha
Motul,motul
Muna,muna
Muxupip,muxupip
Opichen,opichen
Oxkutzcab,oxkutzcab
Panaba,panaba
Peto,peto
Progreso,progreso
Quintana Roo,quintana roo
Rio Lagartos,rio lagartos
Sacalum,sacalum
Samahil,samahil
San Felipe,san felipe
Sanahcat,sanahcat
Santa Elena,santa elena
Seye,seye
Sinanche,sinanche
Sotuta,sotuta
Sucila,sucila
Sudzal,sudzal
Suma,suma
Tahdziu,tahdziu
Tahmek,tahmek
Teabo,teabo
Tecoh,tecoh
Tekal de Venegas,tekal de venegas
Tekanto,tekanto
Tekax,tekax
Tekit,tekit
Tekom,tekom
Telchac Pueblo,telchac pueblo
Telchac Puerto,telchac puerto
Temax,temax
Temozon,temozon
Tepakan,tepakan
Tetiz,tetiz
Teya,teya
Ticul,ticul
Timucuy,timucuy
Tinum,tinum
Tixcacalcupul,tixcacalcupul
Tixkokob,tixkokob
Tixmehuac,tixmehuac
Tixpehual,tixpehual
Tizimin,tizimin
Tunkas,tunkas
Tzucacab,tzucacab
Uayma,uayma
Ucu,ucu
Uman,uman
Valladolid,valladolid
Xocchel,xocchel
Yaxcaba,yaxcaba
Yaxkukul,yaxkukul
Yobain,yobain
Apozol,apozol
Apulco,apulco
Atolinga,atolinga
Benito Juarez,benito juarez
Calera,calera
Canitas de Felipe Pescador,canitas de felipe pescador
Chalchihuites,chalchihuites
Concepcion del Oro,concepcion del oro
Cuauhtemoc,cuauhtemoc
El Plateado de Joaquin Amaro,el plateado de joaquin amaro
El Salvador,el salvador
Fresnillo,fresnillo
Genaro Codina,genaro codina
General Enrique Estrada,general enrique estrada
General Francisco R. Murguia,general francisco r. murguia
General Panfilo Natera,general panfilo natera
Guadalupe,guadalupe
Huanusco,huanusco
Jalpa,jalpa
Jerez,jerez
Jimenez del Teul,jimenez del teul
Juan Aldama,juan aldama
Juchipila,juchipila
Loreto,loreto
Luis Moya,luis moya
Mazapil,mazapil
Melchor Ocampo,melchor ocampo
Mezquital del Oro,mezquital del oro
Miguel Auza,miguel auza
Momax,momax
Monte Escobedo,monte escobedo
Morelos,morelos
Moyahua de Estrada,moyahua de estrada
Nochistlan de Mejia,nochistlan de mejia
Noria de angeles,noria de angeles
Ojocaliente,ojocaliente
Panuco,panuco
Pinos,pinos
Rio Grande,rio grande
Sain Alto,sain alto
Santa Maria de la Paz,santa maria de la paz
Sombrerete,sombrerete
Susticacan,susticacan
Tabasco,tabasco
Tepechitlan,tepechitlan
Tepetongo,tepetongo
Teul de Gonzalez Ortega,teul de gonzalez ortega
Tlaltenango de Sanchez Roman,tlaltenango de sanchez roman
Trancoso,trancoso
Trinidad Garcia de la Cadena,trinidad garcia de la cadena
Valparaiso,valparaiso
Vetagrande,vetagrande
Villa de Cos,villa de cos
Villa Garcia,villa garcia
Villa Gonzalez Ortega,villa gonzalez ortega
Villa Hidalgo,villa hidalgo
Villanueva,villanueva
Zacatecas,zacatecas
