misspell,correct,,,,
abolicion,abolición,,,,
abrirse,abrir,,,,
absolucion,absolución,,,,
abstencion,abstención,,,,
academica,académica,,,,
academicas,académicas,,,,
academico,académico,,,,
academicos,académicos,,,,
accion,acción,,,,
aceptacion,aceptación,,,,
aclaracion,aclaración,,,,
aclaracion,aclaración,,,,
acompañarnos,acompañar,,,,
acordo,acordó,,,,
acotacion,acotación,,,,
acreditacion,acreditación,,,,
activacion,activación,,,,
actuacion,actuación,,,,
actualizacion,actualización,,,,
acuática,acuática,,,,
acuáticas,acuáticas,,,,
acudio,acudir,,,,
acuicola,acuícola,,,,
acuicolas,acuícolas,,,,
acuifero,acuífero,,,,
acuiferos,acuíferos,,,,
acusacion,acusación,,,,
adaptacion,adaptación,,,,
adecuacion,adecuación,,,,
adherirme,adherir,,,,
adhesion,adhesión,,,,
adiccion,adicción,,,,
adicion,adición,,,,
adicionandose,adicionan,,,,
adjudicacion,adjudicación,,,,
administracion,administración,,,,
adopción,adopcion,,,,
adquisicion,adquisición,,,,
adscripcion,adscripción,,,,
aerea,aérea,,,,
aereas,aéreas,,,,
aereo,aéreo,,,,
aereos,aéreos,,,,
afectacion,afectación,,,,
afiliacion,afiliación,,,,
afin,afín,,,,
agradecerle,agradecer,,,,
agradecerles,agradecer,,,,
agradeciéndoles,agradecer,,,,
agregandose,agregar,,,,
agregarle,agregar,,,,
agresion,agresión,,,,
agricola,agrícola,,,,
agricolas,agrícolas,,,,
agrupacion,agrupación,,,,
alcaldia,alcaldía,,,,
alcaldias,alcaldías,,,,
alcoholica,alcohólica,,,,
alcoholicas,alcohólicas,,,,
alcoholico,alcohólico,,,,
alcoholicos,alcohólicos,,,,
alcoholimetro,alcoholímetro,,,,
alcoholimetros,alcoholímetro,,,,
alfabetico,alfabético,,,,
alienacion,alienación,,,,
alimentacion,alimentación,,,,
almacen,almacén,,,,
altruista,altruísta,,,,
altruistas,altruísta,,,,
alusion,alusión,,,,
ambito,ámbito,,,,
ambitos,ámbito,,,,
amnistia,amnistía,,,,
amonestacion,amonestación,,,,
analisis,análisis,,,,
analitica,analítica,,,,
analiticas,analíticas,,,,
analitico,analítico,,,,
analiticos,analíticos,,,,
analogos,análogo,,,,
analogo,análogo,,,,
analogas,análogo,,,,
analoga,análogo,,,,
anomalia,anomalía,,,,
anomalias,anomalía,,,,
antecedio,antecedió,,,,
antelacion,antelación,,,,
anticipacion,anticipación,,,,
anticorrupcion,anticorrupción,,,,
antropologia,antropología,,,,
apelacion,apelación,,,,
aplicacion,aplicación,,,,
aplicarlo,aplicar,,,,
aplicarle,aplicar,,,,
aplicarles,aplicar,,,,
aplicarse,aplicar,,,,
aportacion,aportación,,,,
aprobacion,aprobación,,,,
aprobarse,aprobar,,,,
aprobo,aprobar,,,,
arboles,árbol,,,,
area,área,,,,
areas,áreas,,,,
armonia,armonía,,,,
armonizacion,armonización,,,,
armonizarla,armonizar,,,,
arqueologico,arqueológico,,,,
arqueologicos,arqueológico,,,,
artesania,artesanía,,,,
artesanias,artesanías,,,,
artistica,artística,,,,
artisticas,artísticas,,,,
artistico,artístico,,,,
artisticos,artísticos,,,,
asegurandose,asegurar,,,,
asentandose,asentar,,,,
asesoria,asesoría,,,,
asfaltica,asfáltica,,,,
asignacion,asignación,,,,
asistira,asistir,,,,
asociacion,asociación,,,,
asumio,asumir,,,,
asumiran,asumir,,,,
atencion,atención,,,,
atendera,atender,,,,
atmosfera,atmósfera,,,,
atmosferica,atmosférica,,,,
atribucion,atribución,,,,
auditoria,auditoría,,,,
auditorias,auditorías,,,,
autobus,autobús,,,,
autografa,autógrafa,,,,
autografas,autógrafas,,,,
autografo,autógrafo,,,,
autografos,autógrafos,,,,
automatico,automático,,,,
automaticos,automático,,,,
automovil,automóvil,,,,
automoviles,automóviles,,,,
automovilistico,automovilístico,,,,
automovilisticos,automovilístico,,,,
autonoma,autónoma,,,,
autonomas,autónomas,,,,
autonomia,autonomía,,,,
autonomo,autónomo,,,,
autonomos,autónomos,,,,
autorizacion,autorización,,,,
autorizarse,autorizar,,,,
avaluo,avalúo,,,,
averiguacion,averiguación,,,,
aviacion,aviación,,,,
avion,avión,,,,
bajio,bajío,,,,
baldio,baldío,,,,
baldios,baldío,,,,
basica,básico,,,,
basico,básico,,,,
basicos,básico,,,,
basicas,básico,,,,
batallon,batallón,,,,
beneficas,benéfico,,,,
benefica,benéfico,,,,
benefico,benéfico,,,,
beneficos,benéfico,,,,
benemeritos,benémerito,,,,
benemeritos,benémerito,,,,
bibliografico,bibliográfico,,,,
bibliografica,bibliográfico,,,,
bibliograficos,bibliográfico,,,,
bibliograficas,bibliográfico,,,,
biografia,biografía,,,,
biografias,biografía,,,,
biologica,biológica,,,,
biologicas,biológicas,,,,
biologico,biológico,,,,
biologicos,biológicos,,,,
bitacora,bitácora,,,,
bitacoras,bitácora,,,,
boletin,boletín,,,,
bonificacion,bonificación,,,,
burocratica,burocrática,,,,
burocraticas,burocráticas,,,,
burocratico,burocrático,,,,
burocraticos,burocráticos,,,,
cadaver,cadáver,,,,
cadaveres,cadáver,,,,
cajon,cajón,,,,
calcomania,calcomanía,,,,
calcomanias,calcomanía,,,,
calificacion,calificación,,,,
camaras,cámaras,,,,
camion,camión,,,,
cancelacion,cancelación,,,,
cancer,cáncer,,,,
cancerologia,cancerología,,,,
cancion,canción,,,,
cañon,cañón,,,,
capacitacion,capacitación,,,,
capitan,capitán,,,,
capitulo,capítulo,,,,
capitulos,capítulos,,,,
capsula,cápsula,,,,
caracter,carácter,,,,
carcel,cárcel,,,,
carceles,cárceles,,,,
cartografia,cartografía,,,,
casarse,casar,,,,
catastrofico,catastrófico,,,,
catastrofica,catastrófico,,,,
catastroficos,catastrófico,,,,
catastroficas,catastrófico,,,,
catedratica,catedrática,,,,
catedraticas,catedráticas,,,,
catedratico,catedrático,,,,
catedraticos,catedráticos,,,,
categoria,categoría,,,,
categorias,categorías,,,,
catolica,católica,,,,
catolicas,católica,,,,
catolico,católica,,,,
catolicos,católica,,,,
causacion,causación,,,,
cedio,ceder,,,,
cedula,cédula,,,,
cedulas,cédulas,,,,
celebracion,celebración,,,,
celebrarse,celebrar,,,,
celula,célula,,,,
celulas,célula,,,,
centigrado,centígrado,,,,
centigrados,centígrado,,,,
centimetro,centímetro,,,,
centimetros,centímetros,,,,
ceramica,cerámica,,,,
ceramicas,cerámica,,,,
certificacion,certificación,,,,
cervico,cérvico,,,,
charreria,charrería,,,,
charrerias,charrería,,,,
ciclovia,ciclovía,,,,
ciclovias,ciclovías,,,,
cientifica,científica,,,,
cientificas,científicas,,,,
cientifico,científico,,,,
cientificos,científicos,,,,
cinematografia,cinematografía,,,,
cinematografica,cinematográfica,,,,
cinematograficas,cinematográficas,,,,
circulacion,circulación,,,,
cirugia,cirugía,,,,
citacion,citación,,,,
ciudadania,ciudadanía,,,,
civica,cívica,,,,
civicas,cívicas,,,,
civico,cívico,,,,
civicos,cívicos,,,,
clasificacion,clasificación,,,,
clausula,cláusula,,,,
clausulas,cláusula,,,,
climatico,climático,,,,
climaticos,climáticos,,,,
clinica,clínica,,,,
clinicas,clínica,,,,
clinico,clínica,,,,
clinicos,clínica,,,,
coalicion,coalición,,,,
codigo,código,,,,
codigos,códigos,,,,
colaboracion,colaboración,,,,
colindancias,colindancia,,,,
colocacion,colocación,,,,
comentarle,comentar,,,,
comercializacion,comercialización,,,,
cometerse,cometer,,,,
comisaria,comisaría,,,,
comisarias,comisarías,,,,
comisarios,comisario,,,,
comision,comisión,,,,
comite,comité,,,,
comites,comités,,,,
compañia,compañía,,,,
compartio,compartir,,,,
compensacion,compensación,,,,
complicacion,complicación,,,,
comprobacion,comprobación,,,,
comprobarse,comprobar,,,,
computarse,computar,,,,
computo,cómputo,,,,
computos,cómputo,,,,
comun,común,,,,
comunicarle,comunicar,,,,
comunicarlo,comunicar,,,,
comuníquese,comunicar,,,,
concedera,conceder,,,,
concentracion,concentración,,,,
concertacion,concertación,,,,
concesion,concesión,,,,
conciliacion,conciliación,,,,
concluir,concluir,,,,
concluira,concluir,,,,
conclusion,conclusión,,,,
concubina,concubino,,,,
concubinas,concubino,,,,
concubinos,concubino,,,,
condecoracion,condecoración,,,,
condicion,condición,,,,
condonacion,condonar,,,,
conduciran,conducir,,,,
conexion,conexión,,,,
confio,confiar,,,,
conformacion,conformación,,,,
congregacion,congregación,,,,
conmemoracion,conmemoración,,,,
conmutacion,conmutación,,,,
connacionales,connacional,,,,
conocera,conocer,,,,
conoceran,conocer,,,,
consejeria,consejería,,,,
consejerias,consejerías,,,,
conservacion,conservación,,,,
consideracion,consideración,,,,
considerandos,considerar,,,,
considerarlo,considerar,,,,
considerarse,considerar,,,,
consolidacion,consolidación,,,,
constitucion,constitución,,,,
constituira,constituir,,,,
construccion,construcción,,,,
contaduria,contaduría,,,,
contaminacion,contaminación,,,,
contemplarse,contemplar,,,,
contencion,contención,,,,
contestacion,contestación,,,,
contestarle,contestar,,,,
continuacion,continuación,,,,
contraida,contraer,,,,
contralora,contralor,,,,
contraloria,contraloría,,,,
contralorias,contralorías,,,,
contraprestacion,contraprestación,,,,
contratacion,contratación,,,,
contribucion,contribución,,,,
contribuiran,contribuir,,,,
conurbacion,conurbación,,,,
convencion,convención,,,,
conversacion,conversación,,,,
conversion,conversión,,,,
convertirlos,convertir,,,,
conviccion,convicción,,,,
convocatorio,convocatoria,,,,
conyuge,cónyuge,,,,
conyuges,cónyuges,,,,
cooperativo,cooperativa,,,,
coordinacion,coordinación,,,,
coordinandose,coordinar,,,,
corazon,corazón,,,,
corporacion,corporación,,,,
correccion,corrección,,,,
corrupcion,corrupción,,,,
cortesia,cortesía,,,,
cortesias,cortesías,,,,
cotizacion,cotización,,,,
creacion,creación,,,,
credito,crédito,,,,
creditos,créditos,,,,
cremacion,cremación,,,,
crimenes,crímenes,,,,
cronica,crónica,,,,
cronicas,crónica,,,,
cuantia,cuantía,,,,
cubico,cúbico,,,,
cubicos,cúbicos,,,,
cubriran,cubrir,,,,
cumplian,cumplir,,,,
cumplira,cumplir,,,,
cumplirlo,cumplir,,,,
cuorum,quórum,,,,
cuórum,quórum,,,,
curriculum,currículum,,,,
darlos,dar,,,,
deberas,deber,,,,
deberia,deber,,,,
debian,deber,,,,
decision,decisión,,,,
declaracion,declaración,,,,
declarandose,declarar,,,,
dedicacion,dedicación,,,,
deduccion,deducción,,,,
defensoria,defensoría,,,,
defensorias,defensorías,,,,
deficit,déficit,,,,
defuncion,defunción,,,,
delegacion,delegación,,,,
delegacionales,delegacional,,,,
delimitacion,delimitación,,,,
demarcacion,demarcación,,,,
democratica,democrática,,,,
democraticas,democráticas,,,,
democratico,democrático,,,,
democraticos,democráticos,,,,
demolicion,demolición,,,,
demostracion,demostración,,,,
denominacion,denominación,,,,
denominarse,denominar,,,,
depresion,depresión,,,,
desafectacion,desafectación,,,,
desaparicion,desaparición,,,,
descripcion,descripción,,,,
desearle,desear,,,,
desearles,desear,,,,
desempeñarse,desempeñar,,,,
desercion,deserción,,,,
designacion,designación,,,,
desincorpora,desincorporar,,,,
desincorporacion,desincorporación,,,,
desindexacion,desindexación,,,,
desnutricion,desnutrición,,,,
desregulacion,desregulación,,,,
destinarlo,destinar,,,,
desvinculacion,desvinculación,,,,
desvio,desviar,,,,
deteccion,detección,,,,
detencion,detención,,,,
determinacion,determinación,,,,
develacion,develación,,,,
devolucion,devolución,,,,
dictamenes,dictámenes,,,,
didactica,didáctica,,,,
didacticas,didáctica,,,,
difamacion,difamación,,,,
difusion,difusión,,,,
dignificacion,dignificación,,,,
diputacion,diputación,,,,
direccion,dirección,,,,
discriminacion,discriminación,,,,
discutira,discutir,,,,
discutirse,discutir,,,,
disminucion,disminución,,,,
disolucion,disolución,,,,
dispensarse,dispensar,,,,
dispondra,disponer,,,,
disposicion,disposición,,,,
distribucion,distribución,,,,
distritales,distrital,,,,
diversion,diversión,,,,
division,división,,,,
documentacion,documentación,,,,
domestico,doméstico,,,,
domesticos,domésticos,,,,
donacion,donación,,,,
drogadiccion,drogadicción,,,,
duracion,duración,,,,
ecologia,ecología,,,,
ecologica,ecológica,,,,
ecologicas,ecológicas,,,,
ecologico,ecológico,,,,
ecologicos,ecológicos,,,,
economica,económica,,,,
economicas,económicas,,,,
economico,económico,,,,
economicos,económicos,,,,
edicion,edición,,,,
educacion,educación,,,,
efectuarse,efectuar,,,,
efemeride,efeméride,,,,
efemerides,efeméride,,,,
ejecucion,ejecución,,,,
ejercera,ejercer,,,,
ejercerse,ejercer,,,,
ejercio,ejercer,,,,
ejercito,ejército,,,,
ejercitos,ejércitos,,,,
eleccion,elección,,,,
electricas,eléctrico,,,,
electrico,eléctrico,,,,
electricos,eléctrico,,,,
electrica,eléctrico,,,,
electrificacion,electrificación,,,,
electronica,electrónica,,,,
electronicas,electrónicas,,,,
electronico,electrónico,,,,
electronicos,electrónicos,,,,
elegira,elegir,,,,
elegiran,elegir,,,,
elevacion,elevación,,,,
eliminacion,eliminación,,,,
emancipacion,emancipación,,,,
emision,emisión,,,,
emitase,emitir,,,,
emprestito,empréstito,,,,
emprestitos,empréstitos,,,,
enajenacion,enajenación,,,,
enajenarla,enajenar,,,,
enajenarlas,enajenar,,,,
enajenarlo,enajenar,,,,
enajenarlo,enajenar,,,,
enajenarlo,enajenar,,,,
enajenarlos,enajenar,,,,
encontrandose,encontrar,,,,
encontrarse,encontrar,,,,
energetica,energética,,,,
energeticas,energéticas,,,,
energetico,energético,,,,
energeticos,energéticos,,,,
energia,energía,,,,
enfermeria,enfermería,,,,
enterarse,enterar,,,,
entes,ente,,,,
entonacion,entonación,,,,
entrarle,entrar,,,,
enviándose,enviar,,,,
enviarse,enviar,,,,
envie,enviar,,,,
envien,enviar,,,,
enviese,enviar,,,,
envio,envió,,,,
epidemiologica,epidemiológica,,,,
epidemiologicas,epidemiológicas,,,,
epidemiologico,epidemiológico,,,,
epidemiologicos,epidemiológicos,,,,
epoca,época,,,,
erogacion,erogación,,,,
erradicacion,erradicación,,,,
escalafon,escalafón,,,,
escrituracion,escrituración,,,,
especializacion,especialización,,,,
espectaculo,espectáculo,,,,
espectaculos,espectáculos,,,,
espiritu,espíritu,,,,
estabamos,estar,,,,
establecera,establecer,,,,
estableceran,establecer,,,,
establecia,establecer,,,,
establecian,establecer,,,,
establecio,estableció,,,,
estacion,estación,,,,
estadia,estadía,,,,
estadistica,estadística,,,,
estadisticas,estadística,,,,
estandarizacion,estandarización,,,,
estarnos,estar,,,,
estetica,estética,,,,
estimacion,estimación,,,,
estimacion,estimación,,,,
estimarlo,estimar,,,,
estimulo,estímulo,,,,
estimulos,estímulos,,,,
estrategica,estratégica,,,,
estrategicas,estratégicas,,,,
estrategico,estratégico,,,,
estrategicos,estratégicos,,,,
estres,estrés,,,,
estuvieramos,estar,,,,
etica,ética,,,,
eticas,ética,,,,
etico,ética,,,,
eticos,ética,,,,
etnico,étnico,,,,
etnicos,étnico,,,,
etnica,étnico,,,,
etnicas,étnico,,,,
evaluacion,evaluación,,,,
examen,exámen,,,,
examenes,exámenes,,,,
excavacion,excavación,,,,
excepcion,excepción,,,,
exclusion,exclusión,,,,
exencion,exención,,,,
exhorto,exhortar,,,,
exigio,exigir,,,,
existia,existir,,,,
exito,éxito,,,,
exitos,éxito,,,,
expedicion,expedición,,,,
expidase,expedir,,,,
explicarle,explicar,,,,
explicarles,explicar,,,,
exploracion,exploración,,,,
explosion,explosión,,,,
explotacion,explotación,,,,
exportacion,exportación,,,,
exposicion,exposición,,,,
expresion,expresión,,,,
expropiacion,expropiación,,,,
extemporaneo,extemporáneo,,,,
extemporaneos,extemporáneo,,,,
extendio,extender,,,,
extension,extensión,,,,
extincion,extinción,,,,
extinguira,extinguir,,,,
extorsion,extorsión,,,,
extraccion,extracción,,,,
extraido,extraer,,,,
extravio,extravío,,,,
facil,fácil,,,,
faciles,fáciles,,,,
facilitarles,facilitar,,,,
favorecera,favorecer,,,,
federacion,federación,,,,
felicitacion,felicitación,,,,
feminicidios,feminicidio,,,,
fenomeno,fenómeno,,,,
fenomenos,fenómenos,,,,
fijense,fijar,,,,
filiacion,filiación,,,,
fiscalia,fiscalía,,,,
fiscalias,fiscalías,,,,
fiscalizables,fiscalizable,,,,
fiscalizacion,fiscalización,,,,
fisica,física,,,,
fisicas,físico,,,,
fisico,físico,,,,
fisicos,físico,,,,
foranea,foránea,,,,
foraneas,foránea,,,,
foraneo,foráneo,,,,
foraneos,foráneo,,,,
forestacion,forestación,,,,
formacion,formación,,,,
formulacion,formulación,,,,
fortaleceran,fortalecer,,,,
fosil,fósil,,,,
fosiles,fósil,,,,
fotografia,fotografía,,,,
fotografias,fotografías,,,,
fotografica,fotográfica,,,,
fotograficas,fotográfica,,,,
fotostatica,fotostática,,,,
fotostaticas,fotostática,,,,
fraccion,fracción,,,,
frances,francés,,,,
fríjol,frijol,,,,
funcion,función,,,,
fundacion,fundación,,,,
fundamentacion,fundamentación,,,,
fundarse,fundar,,,,
fungira,fungir,,,,
fungiran,fungir,,,,
fusion,fusión,,,,
futbol,fútbol,,,,
galardon,galardón,,,,
galeria,galería,,,,
galerias,galería,,,,
ganaderia,ganadería,,,,
ganaderias,ganaderías,,,,
garantia,garantía,,,,
garantias,garantías,,,,
gastronomia,gastronomía,,,,
generacion,generación,,,,
generalisimo,generalísimo,,,,
genero,género,,,,
generos,género,,,,
genetica,genética,,,,
geneticamente,genéticamente,,,,
geografica,geográfica,,,,
geograficas,geográficas,,,,
geografico,geográfico,,,,
geologico,geológico,,,,
geologicos,geológico,,,,
gestacion,gestación,,,,
gestion,gestión,,,,
girense,girar,,,,
girese,girar,,,,
gobernacion,gobernación,,,,
grabacion,grabación,,,,
graduacion,graduación,,,,
guarderia,guardería,,,,
guarderias,guarderías,,,,
haberme,haber,,,,
haberseles,haber,,,,
habil,hábil,,,,
habiles,hábiles,,,,
habilitacion,habilitación,,,,
habitacion,habitación,,,,
habitacionales,habitacional,,,,
habitat,hábitat,,,,
habitos,hábitos,,,,
hacerle,hacer,,,,
hectarea,hectárea,,,,
hectareas,hectáreas,,,,
helicoptero,helicóptero,,,,
helicopteros,helicóptero,,,,
hemodialisis,hemodiálisis,,,,
heroe,héroe,,,,
heroes,héroe,,,,
hidraulica,hidráulica,,,,
hidraulicas,hidráulicas,,,,
hidraulico,hidráulico,,,,
hidraulicos,hidráulicos,,,,
hidrica,hídrica,,,,
hidricas,hídricas,,,,
hidrico,hídrico,,,,
hidricos,hídricos,,,,
hidrologicos,hidrológicos,,,,
hipertension,hipertensión,,,,
hipotesis,hipótesis,,,,
historica,histórica,,,,
historico,histórico,,,,
historicos,históricos,,,,
homogeneo,homogéneo,,,,
homogeneos,homogéneo,,,,
homogenea,homogéneo,,,,
homogeneas,homogéneo,,,,
homologacion,homologación,,,,
huracan,huracán,,,,
identicos,idéntico,,,,
identificacion,identificación,,,,
ideologico,ideológico,,,,
ideologicos,ideológico,,,,
ideologica,ideológico,,,,
ideologicas,ideológico,,,,
ilicita,ilícita,,,,
ilicitas,ilícitas,,,,
ilicito,ilícito,,,,
ilicitos,ilícitos,,,,
iluminacion,iluminación,,,,
ilustracion,ilustración,,,,
imagenes,imágenes,,,,
imparticion,impartición,,,,
impartiran,impartir,,,,
impidio,impedir,,,,
implementacion,implementación,,,,
implicito,implícito,,,,
implicitos,implícito,,,,
implicita,implícito,,,,
implicitas,implícito,,,,
impondra,imponer,,,,
impondran,imponer,,,,
importacion,importación,,,,
imprimio,imprimir,,,,
impugnacion,impugnación,,,,
inauguracion,inauguración,,,,
inclusion,inclusión,,,,
incoacion,incoación,,,,
incorporacion,incorporación,,,,
incurrira,incurrir,,,,
indemnizacion,indemnización,,,,
indicacion,indicación,,,,
indice,índice,,,,
indices,índice,,,,
indigena,indígena,,,,
indigenas,indígenas,,,,
indignacion,indignación,,,,
infeccion,infección,,,,
inflacion,inflación,,,,
informacion,información,,,,
informarle,informar,,,,
informarles,informar,,,,
informatica,informática,,,,
informatico,informático,,,,
infraccion,infracción,,,,
ingle,inglés,,,,
ingles,inglés,,,,
inhabil,inhábil,,,,
inhabiles,inhábil,,,,
inhabilitacion,inhabilitación,,,,
iniciacion,iniciación,,,,
inmobiliario,inmobiliaria,,,,
innovacion,innovación,,,,
inscribira,inscribir,,,,
inscripcion,inscripción,,,,
insercion,inserción,,,,
insistio,insistir,,,,
inspeccion,inspección,,,,
instalacion,instalación,,,,
instalarse,instalar,,,,
institucion,institución,,,,
instruccion,instrucción,,,,
instruyase,instruir,,,,
integracion,integración,,,,
integrarse,integrar,,,,
intencion,intención,,,,
interaccion,interacción,,,,
interdiccion,interdicción,,,,
interes,interés,,,,
internacion,internación,,,,
interpretacion,interpretación,,,,
interrupcion,interrupción,,,,
intervencion,intervención,,,,
intimidacion,intimidación,,,,
inundacion,inundación,,,,
inversion,inversión,,,,
invitacion,invitación,,,,
japon,japón,,,,
jardin,jardín,,,,
jerarquico,jerárquico,,,,
jerarquica,jerárquico,,,,
jerarquicos,jerárquico,,,,
jerarquicas,jerárquico,,,,
jovencito,jóven,,,,
jovenes,jóven,,,,
jubilacion,jubilación,,,,
juridica,jurídica,,,,
juridicas,jurídicas,,,,
juridico,jurídico,,,,
juridicos,jurídicos,,,,
jurisdiccion,jurisdicción,,,,
justificacion,justificación,,,,
kilometro,kilómetro,,,,
kilometros,kilómetro,,,,
labaro,lábaro,,,,
lampara,lámpara,,,,
lamparas,lámpara,,,,
legislacion,legislación,,,,
legitima,legítima,,,,
legitimas,legítimas,,,,
legitimo,legítimo,,,,
legitimos,legítimos,,,,
lesion,lesión,,,,
licitacion,licitación,,,,
limitrofe,limítrofe,,,,
limitrofes,limítrofes,,,,
lingüistica,lingüístico,,,,
lingüisticos,lingüístico,,,,
lingüisticas,lingüístico,,,,
lingüistico,lingüístico,,,,
liquidacion,liquidación,,,,
liquido,líquido,,,,
liquidos,líquido,,,,
localizacion,localización,,,,
logica,lógica,,,,
logicamente,lógicamente,,,,
logico,lógico,,,,
maestria,maestría,,,,
magico,mágico,,,,
magicos,mágicos,,,,
mandata,mandato,,,,
manifestacion,manifestación,,,,
manifiestenlo,manifestar,,,,
manifiéstenlo,manifestar,,,,
manutencion,manutención,,,,
marginacion,marginación,,,,
maritimo,marítimo,,,,
matematica,matemática,,,,
matematicas,matemáticas,,,,
maxima,máxima,,,,
maximas,máximas,,,,
maximo,máximo,,,,
maximos,máximos,,,,
mayoria,mayoría,,,,
mayorias,mayorías,,,,
mecanica,mecánica,,,,
mecanicas,mecánica,,,,
mediacion,mediación,,,,
medica,médicas,,,,
medicas,médicas,,,,
medicion,medición,,,,
medico,médico,,,,
medicos,médicos,,,,
megalopolis,megalópolis,,,,
mercancias,mercancía,,,,
mercancias,mercancía,,,,
merito,mérito,,,,
meritos,méritos,,,,
metalicos,metal,,,,
metodo,método,,,,
metodos,método,,,,
metodologia,metodología,,,,
metodologias,metodologías,,,,
metodologica,metodológico,,,,
metodologicas,metodológico,,,,
metodologico,metodológico,,,,
metodologicos,metodológico,,,,
metrobus,metrobús,,,,
michoacan,michoacán,,,,
migracion,migración,,,,
millon,millón,,,,
mineria,minería,,,,
minima,mínima,,,,
minimas,mínimas,,,,
minimo,mínimo,,,,
minimos,mínimos,,,,
minoria,minoría,,,,
minorias,minorías,,,,
miscelanea,miscelánea,,,,
miscelaneas,miscelánea,,,,
mitigacion,mitigación,,,,
mocion,moción,,,,
modernizacion,modernización,,,,
modificacion,modificación,,,,
modulo,módulo,,,,
modulos,módulo,,,,
movil,móvil,,,,
moviles,móviles,,,,
movilizacion,movilización,,,,
multiple,múltiple,,,,
multiples,múltiples,,,,
municipalizacion,municipalización,,,,
municipe,munícipe,,,,
municipes,munícipe,,,,
musica,músico,,,,
musico,músico,,,,
musicos,músicos,,,,
nacion,nación,,,,
narcotrafico,narcotráfico,,,,
navegacion,navegación,,,,
ningun,ningún,,,,
nivelacion,nivelación,,,,
nomina,nómina,,,,
notificacion,notificación,,,,
notificarlo,notificar,,,,
notifiquese,notificar,,,,
notifique,notificar,,,,
nucleo,núcleo,,,,
nucleos,núcleos,,,,
numero,número,,,,
numeros,números,,,,
nutricion,nutrición,,,,
objecion,objeción,,,,
obligacion,obligación,,,,
observacion,observación,,,,
obstetrica,obstétrica,,,,
obstetricas,obstétrica,,,,
ocasion,ocasión,,,,
ocupacion,ocupación,,,,
oficialia,oficialía,,,,
oficialias,oficialías,,,,
olimpico,olímpico,,,,
olimpicos,olímpico,,,,
omision,omisión,,,,
operacion,operación,,,,
opinion,opinión,,,,
oposicion,oposición,,,,
ordenandose,ordenar,,,,
organica,orgánica,,,,
organicas,orgánicas,,,,
organico,orgánico,,,,
organicos,orgánicos,,,,
organizacion,organización,,,,
organo,órgano,,,,
organos,órganos,,,,
orientacion,orientación,,,,
pagarse,pagar,,,,
pagarse,pagar,,,,
pagina,página,,,,
paginas,páginas,,,,
pais,país,,,,
paises,países,,,,
panama,panamá,,,,
panteon,panteón,,,,
papeleria,papelería,,,,
papelerias,papelerías,,,,
parametro,parámetro,,,,
parametros,parámetro,,,,
parquimetro,parquímetro,,,,
parquimetros,parquímetro,,,,
parrafo,párrafo,,,,
parrafos,párrafos,,,,
participacion,participación,,,,
patologia,patología,,,,
patrioticamente,patrióticamente,,,,
patron,patrón,,,,
pavimentacion,pavimentación,,,,
peaton,peatón,,,,
pederastia,pederastía,,,,
pedirle,pedir,,,,
pelicula,película,,,,
peliculas,película,,,,
pension,pensión,,,,
penultimo,penúltimo,,,,
percepcion,percepción,,,,
perdon,perdón,,,,
periferico,periférico,,,,
periodica,periódica,,,,
periodicas,periódicas,,,,
periodico,periódico,,,,
periodicos,periódicos,,,,
periodistica,periodístico,,,,
periodisticas,periodístico,,,,
periodistico,periodístico,,,,
periodisticos,periodístico,,,,
permanecio,permanecer,,,,
permitame,permitir,,,,
permitira,permitir,,,,
permitirse,permitir,,,,
persecucion,persecución,,,,
peticion,petición,,,,
petroleo,petróleo,,,,
petroleos,petróleos,,,,
pirotecnica,pirotécnica,,,,
pirotecnicas,pirotécnicas,,,,
pirotecnico,pirotécnico,,,,
pirotecnicos,pirotécnicos,,,,
planeacion,planeación,,,,
planificacion,planificación,,,,
plastico,plástico,,,,
plasticos,plásticos,,,,
plurinominales,plurinominal,,,,
plusvalia,plusvalía,,,,
plusvalias,plusvalía,,,,
poblacion,población,,,,
podria,poder,,,,
poesia,poesía,,,,
policia,policía,,,,
policias,policías,,,,
poligono,polígono,,,,
poligonos,polígono,,,,
politecnica,politécnico,,,,
politecnico,politécnico,,,,
politica,política,,,,
politicas,políticas,,,,
politico,político,,,,
politicos,políticos,,,,
poliza,póliza,,,,
polizas,pólizas,,,,
ponerse,poner,,,,
poquito,poco,,,,
pornografia,pornografía,,,,
pornografica,pornográfica,,,,
pornograficas,pornográficas,,,,
pornografico,pornográfico,,,,
pornograficos,pornográficos,,,,
portacion,portación,,,,
posesion,posesión,,,,
postulacion,postulación,,,,
practicamente,prácticamente,,,,
precampañas,precampaña,,,,
precandidatos,precandidato,,,,
precaucion,precaución,,,,
precision,precisión,,,,
prelacion,prelación,,,,
premiacion,premiación,,,,
prescripcion,prescripción,,,,
presentacion,presentación,,,,
presentarse,presentar,,,,
preservacion,preservación,,,,
presidira,presidir,,,,
prestacion,prestación,,,,
prestamo,préstamo,,,,
prestamos,préstamos,,,,
presuncion,presunción,,,,
pretension,pretensión,,,,
prevalecera,prevalecer,,,,
prevencion,prevención,,,,
prevera,prever,,,,
prevision,previsión,,,,
prision,prisión,,,,
privacion,privación,,,,
privatizacion,privatización,,,,
procedase,proceder,,,,
procedere,proceder,,,,
procederia,proceder,,,,
procederian,proceder,,,,
procedia,proceder,,,,
proclamacion,proclamación,,,,
procuracion,procuración,,,,
procuraduria,procuraduría,,,,
procuradurias,procuradurías,,,,
produccion,producción,,,,
profesion,profesión,,,,
profesionalizacion,profesionalización,,,,
programacion,programación,,,,
prohibicion,prohibición,,,,
promocion,promoción,,,,
promovera,promover,,,,
promulgacion,promulgación,,,,
pronunciarnos,pronunciar,,,,
propagacion,propagación,,,,
proponerse,proponer,,,,
proposicion,proposición,,,,
proposito,propósito,,,,
propositos,propósitos,,,,
prorroga,prórroga,,,,
prosecretaria,prosecretaría,,,,
prosecretarias,prosecretaría,,,,
prospero,próspero,,,,
prostata,próstata,,,,
prostitucion,prostitución,,,,
proteccion,protección,,,,
protesis,prótesis,,,,
proxima,próxima,,,,
proximas,próximas,,,,
proximo,próximo,,,,
proximos,próximos,,,,
psicologica,psicológica,,,,
psicologicas,psicológicas,,,,
psicologico,psicológico,,,,
psicologicos,psicológicos,,,,
publica,pública,,,,
publicacion,publicación,,,,
publicarse,publicar,,,,
publicas,públicas,,,,
publico,público,,,,
publicos,públicos,,,,
pulmon,pulmón,,,,
queria,querer,,,,
quirurgica,quirúrgico,,,,
quirurgico,quirúrgico,,,,
quorum,quórum,,,,
radiodifusion,radiodifusión,,,,
radiografia,radiografía,,,,
rancheria,ranchería,,,,
rancherias,ranchería,,,,
rapida,rápida,,,,
rapidas,rápida,,,,
ratificacion,ratificación,,,,
razon,razón,,,,
reactivacion,reactivación,,,,
readaptacion,readaptación,,,,
realizacion,realización,,,,
reasignacion,reasignación,,,,
recaido,recaído,,,,
recaudacion,recaudación,,,,
recepcion,recepción,,,,
recibio,recibir,,,,
recibirlo,recibir,,,,
recien,recién,,,,
reclusion,reclusión,,,,
recoleccion,recolección,,,,
recomendacion,recomendación,,,,
reconoceran,reconocer,,,,
reconocerlo,reconocer,,,,
reconsideracion,reconsideración,,,,
reconstruccion,reconstrucción,,,,
recordandoles,recordar,,,,
recorriendose,recorrer,,,,
rectificacion,rectificación,,,,
recusacion,recusación,,,,
redaccion,redacción,,,,
reduccion,reducción,,,,
reeducacion,reeducación,,,,
reeleccion,reelección,,,,
reelegirse,reelegir,,,,
reestructuracion,reestructuración,,,,
referia,referir,,,,
referirse,referir,,,,
refinacion,refinación,,,,
reflexion,reflexión,,,,
reforestacion,reforestación,,,,
regeneracion,regeneración,,,,
regimen,régimen,,,,
region,región,,,,
regionalizacion,regionalización,,,,
registrandose,registrar,,,,
registrándose,registrar,,,,
registrarse,registrar,,,,
regulacion,regulación,,,,
regularizacion,regularización,,,,
rehabilitacion,rehabilitación,,,,
reincorporacion,reincorporación,,,,
reinsercion,reinserción,,,,
reintegracion,reintegración,,,,
relacion,relación,,,,
religion,religión,,,,
remision,remisión,,,,
remitanse,remitir,,,,
remitase,remitir,,,,
remítase,remitir,,,,
remitiendose,remitir,,,,
remitio,remitir,,,,
remitio,remitir,,,,
remitirse,remitir,,,,
remocion,remoción,,,,
remodelacion,remodelación,,,,
remuneracion,remuneración,,,,
rendicion,rendición,,,,
rendira,rendir,,,,
renglon,renglón,,,,
renovacion,renovación,,,,
reparacion,reparación,,,,
repatriacion,repatriación,,,,
reposicion,reposición,,,,
representacion,representación,,,,
represion,represión,,,,
reprobacion,reprobación,,,,
reproduccion,reproducción,,,,
republica,república,,,,
reputacion,reputación,,,,
reservarse,reservar,,,,
resolucion,resolución,,,,
resolvera,resolver,,,,
resolverlas,resolver,,,,
resolvio,resolver,,,,
restauracion,restauración,,,,
restitucion,restitución,,,,
retencion,retención,,,,
retribucion,retribución,,,,
reubicacion,reubicación,,,,
reunion,reunión,,,,
reuniran,reunir,,,,
revalidacion,revalidación,,,,
revelacion,revelación,,,,
revision,revisión,,,,
revocacion,revocación,,,,
revolucion,revolución,,,,
riñon,riñón,,,,
rotacion,rotación,,,,
rustica,rústica,,,,
rusticas,rústicas,,,,
rustico,rústico,,,,
rusticos,rústicos,,,,
sabian,saber,,,,
salon,salón,,,,
sancion,sanción,,,,
satelite,satélite,,,,
satelites,satélites,,,,
seccion,sección,,,,
secretarlo,secretario,,,,
segregacion,segregación,,,,
seguira,seguir,,,,
seleccion,selección,,,,
señalandoles,señalar,,,,
señalandoles,señalar,,,,
sensibilizacion,sensibilización,,,,
separacion,separación,,,,
separarme,separar,,,,
sequia,sequía,,,,
sequias,sequía,,,,
seran,ser,,,,
serviran,servirán,,,,
sesionamos,sesionar,,,,
sesionando,sesionar,,,,
sesionara,sesionar,,,,
significacion,significación,,,,
simbolo,símbolo,,,,
simbolos,símbolos,,,,
simplificacion,simplificación,,,,
simulacion,simulación,,,,
sindico,síndico,,,,
sindicos,síndicos,,,,
sindrome,síndrome,,,,
sindromes,síndromes,,,,
sintoma,síntoma,,,,
sintomas,síntomas,,,,
sintonia,sintonía,,,,
sintonias,sintonía,,,,
sírvanse,servir,,,,
sismica,sísmica,,,,
sismico,sísmico,,,,
sistemica,sistémico,,,,
sistemicas,sistémico,,,,
sistemico,sistémico,,,,
sistemicos,sistémico,,,,
solicitandole,solicitar,,,,
solicitarle,solicitar,,,,
solido,sólido,,,,
solidos,sólido,,,,
solucion,solución,,,,
solventacion,solventación,,,,
solventaciones,solventación,,,,
someterlo,someter,,,,
sometio,someter,,,,
sometió,someter,,,,
subordinacion,subordinación,,,,
subsistira,subsistir,,,,
sucesion,sucesión,,,,
sugirio,sugerir,,,,
sujetarse,sujetar,,,,
sumarme,sumar,,,,
supervision,supervisión,,,,
suplira,suplir,,,,
supresion,supresión,,,,
surtira,surtir,,,,
suscribirme,suscribir,,,,
suscribirse,suscribir,,,,
suspension,suspensión,,,,
sustanciacion,sustanciación,,,,
sustitucion,sustitución,,,,
tecnica,técnica,,,,
tecnicas,técnicas,,,,
tecnico,técnico,,,,
tecnicos,técnicos,,,,
tecnologia,tecnología,,,,
tecnologias,tecnología,,,,
tecnologica,tecnológica,,,,
tecnologicas,tecnológicas,,,,
tecnologico,tecnológico,,,,
tecnologicos,tecnológicos,,,,
telecomunicacion,telecomunicación,,,,
telefonia,telefonía,,,,
telefonica,telefónico,,,,
telefonicas,telefónico,,,,
telefonico,telefónico,,,,
telefonicos,telefónico,,,,
telefono,teléfono,,,,
telefonos,teléfono,,,,
television,televisión,,,,
tematico,temático,,,,
tematicos,temático,,,,
tenerse,tener,,,,
terminacion,terminación,,,,
termino,término,,,,
tesoreria,tesorería,,,,
tesorerias,tesorería,,,,
tia,tío,,,,
tias,tío,,,,
tio,tío,,,,
tios,tío,,,,
tipica,típica,,,,
tipicas,típica,,,,
titulacion,titulación,,,,
titulo,título,,,,
titulos,título,,,,
tomarse,tomar,,,,
topografico,topográfico,,,,
tradicion,tradición,,,,
trafico,tráfico,,,,
tragico,trágico,,,,
tragicos,trágico,,,,
transcripcion,transcripción,,,,
transformacion,transformación,,,,
transicion,transición,,,,
transito,tránsito,,,,
transmision,transmisión,,,,
trascripcion,trascripción,,,,
trasgresion,trasgresión,,,,
tratandose,tratar,,,,
trebol,trébol,,,,
tuberia,tubería,,,,
tuberias,tubería,,,,
turistica,turística,,,,
turisticas,turísticas,,,,
turistico,turístico,,,,
turisticos,turísticos,,,,
turnandose,tunar,,,,
turnarla,turnar,,,,
turnarse,turna,,,,
turnese,turnar,,,,
ubicacion,ubicación,,,,
ubicandose,ubicar,,,,
ultimo,último,,,,
unanime,unánime,,,,
unica,única,,,,
unicas,únicas,,,,
unico,único,,,,
unicos,únicos,,,,
unificacion,unificación,,,,
unio,unir,,,,
union,unión,,,,
urbanizacion,urbanización,,,,
usurpacion,usurpación,,,,
util,útil,,,,
utiles,útil,,,,
utilizacion,utilización,,,,
vacunacion,vacunación,,,,
validamente,válidamente,,,,
valoracion,valoración,,,,
variacion,variación,,,,
vehiculo,vehículo,,,,
vehiculos,vehículos,,,,
vencio,vencer,,,,
venga,venir,,,,
verificacion,verificación,,,,
vertice,vértice,,,,
vertices,vértices,,,,
vestibulo,vestíbulo,,,,
via,vía,,,,
vias,vías,,,,
viatico,viático,,,,
viaticos,viáticos,,,,
victima,víctima,,,,
victimas,víctimas,,,,
video,videos,,,,
vinculacion,vinculación,,,,
violacion,violación,,,,
vision,visión,,,,
visitaduria,visitaduría,,,,
vispera,víspera,,,,
vocacion,vocación,,,,
volumenes,volúmenes,,,,
votacion,votación,,,,
vulneracion,vulneración,,,,
yucatan,yucatán,,,,
zonificacion,zonificación,,,,
